sale_id,customer_name,contact_info
S1001,Thomas Hernandez,thomas.hernandez381@gmail.com
S1002,Jennifer Gonzalez,jennifer.gonzalez492@gmail.com
S1003,Nancy Martin,nancy.martin677@gmail.com
S1004,Christopher Davis,christopher.davis479@gmail.com
S1005,David Wilson,david.wilson488@gmail.com
S1006,Joseph Jackson,joseph.jackson410@gmail.com
S1007,Patricia Williams,patricia.williams766@gmail.com
S1008,Susan Rodriguez,susan.rodriguez909@gmail.com
S1009,Sarah Jackson,sarah.jackson211@gmail.com
S1010,Patricia Jones,patricia.jones102@gmail.com
S1011,Lisa Davis,lisa.davis269@gmail.com
S1012,Robert Miller,robert.miller151@gmail.com
S1013,Sandra Gonzalez,sandra.gonzalez76@gmail.com
S1014,Daniel Martinez,daniel.martinez765@gmail.com
S1501,Sarah Anderson,sarah.anderson896@gmail.com
S1502,Michael Rodriguez,michael.rodriguez758@gmail.com
S1503,Patricia Taylor,patricia.taylor656@gmail.com
S1504,Thomas Brown,thomas.brown422@gmail.com
S1505,Robert Moore,robert.moore353@gmail.com
S1506,James Martinez,james.martinez816@gmail.com
S1507,Barbara Brown,barbara.brown115@gmail.com
S1508,Mary Smith,mary.smith943@gmail.com
S1509,James Wilson,james.wilson565@gmail.com
S1510,Lisa Smith,lisa.smith613@gmail.com
S1511,Charles Martin,charles.martin789@gmail.com
S1512,Christopher Davis,christopher.davis983@gmail.com
S1513,Robert Wilson,robert.wilson539@gmail.com
S1514,Daniel Lopez,daniel.lopez593@gmail.com
S1515,David Martin,david.martin756@gmail.com
S1516,William Anderson,william.anderson937@gmail.com
S1517,Margaret Rodriguez,margaret.rodriguez460@gmail.com
S1518,Margaret Moore,margaret.moore113@gmail.com
S1519,Linda Hernandez,linda.hernandez496@gmail.com
S1520,Richard Hernandez,richard.hernandez103@gmail.com
S1521,Daniel Smith,daniel.smith841@gmail.com
S1522,Patricia Johnson,patricia.johnson471@gmail.com
S1523,Linda Brown,linda.brown140@gmail.com
S1524,Thomas Wilson,thomas.wilson741@gmail.com
S1525,Matthew Martinez,matthew.martinez349@gmail.com
S1531,Joseph Davis,joseph.davis380@gmail.com
S1537,Jennifer Martinez,jennifer.martinez286@gmail.com
S1544,Karen Anderson,karen.anderson146@gmail.com
S2554,Robert Johnson,robert.johnson585@gmail.com
S2556,Nancy Thomas,nancy.thomas824@gmail.com
S2557,John Johnson,john.johnson527@gmail.com
S2560,John Miller,john.miller272@gmail.com
S3052,Robert Moore,robert.moore679@gmail.com
S3057,Karen Garcia,karen.garcia645@gmail.com
S3058,Christopher Rodriguez,christopher.rodriguez982@gmail.com
S3551,Barbara Davis,barbara.davis87@gmail.com
S3552,Daniel Williams,daniel.williams560@gmail.com
S3554,Richard Martinez,richard.martinez69@gmail.com
S4254,Patricia Rodriguez,patricia.rodriguez12@gmail.com
S5002,John Jackson,john.jackson109@gmail.com
S6001,Robert Thomas,robert.thomas205@gmail.com
S6002,Linda Hernandez,linda.hernandez885@gmail.com
S6003,Mark Taylor,mark.taylor447@gmail.com
S6004,Betty Williams,betty.williams925@gmail.com
S6005,Anthony Moore,anthony.moore654@gmail.com
S6006,Lisa Rodriguez,lisa.rodriguez136@gmail.com
S6007,Jessica Williams,jessica.williams229@gmail.com
S6008,John Anderson,john.anderson409@gmail.com
S6009,Jessica Taylor,jessica.taylor462@gmail.com
S6010,James Gonzalez,james.gonzalez304@gmail.com
S6011,David Martin,david.martin718@gmail.com
S6012,Robert Miller,robert.miller788@gmail.com
S6013,Margaret Davis,margaret.davis498@gmail.com
S6014,Karen Johnson,karen.johnson228@gmail.com
S6015,Barbara Martinez,barbara.martinez600@gmail.com
S6016,Elizabeth Johnson,elizabeth.johnson764@gmail.com
S6017,David Jones,david.jones156@gmail.com
S6018,Robert Jackson,robert.jackson354@gmail.com
S6019,William Smith,william.smith33@gmail.com
S6020,Thomas Smith,thomas.smith357@gmail.com
S6021,Anthony Hernandez,anthony.hernandez534@gmail.com
S6022,William Hernandez,william.hernandez746@gmail.com
S6023,John Gonzalez,john.gonzalez725@gmail.com
S6024,Elizabeth Miller,elizabeth.miller331@gmail.com
S6025,James Rodriguez,james.rodriguez973@gmail.com
S6026,Barbara Gonzalez,barbara.gonzalez658@gmail.com
S6027,Patricia Martin,patricia.martin704@gmail.com
S6028,Margaret Hernandez,margaret.hernandez469@gmail.com
S6029,Michael Taylor,michael.taylor979@gmail.com
S6030,Lisa Martin,lisa.martin527@gmail.com
S6031,Matthew Miller,matthew.miller510@gmail.com
S6032,Betty Jones,betty.jones206@gmail.com
S6033,Nancy Davis,nancy.davis547@gmail.com
S6034,Nancy Wilson,nancy.wilson117@gmail.com
S6035,John Miller,john.miller578@gmail.com
S6036,Barbara Wilson,barbara.wilson88@gmail.com
S6037,Christopher Smith,christopher.smith601@gmail.com
S6038,Karen Wilson,karen.wilson405@gmail.com
S6039,James Garcia,james.garcia303@gmail.com
S6040,Nancy Thomas,nancy.thomas319@gmail.com
S6041,John Martinez,john.martinez517@gmail.com
S6042,Richard Garcia,richard.garcia921@gmail.com
S6043,Thomas Moore,thomas.moore903@gmail.com
S6044,Matthew Wilson,matthew.wilson619@gmail.com
S6045,John Lopez,john.lopez183@gmail.com
S6046,Thomas Jackson,thomas.jackson260@gmail.com
S6047,Matthew Hernandez,matthew.hernandez32@gmail.com
S6048,David Wilson,david.wilson907@gmail.com
S6049,Joseph Rodriguez,joseph.rodriguez32@gmail.com
S6050,William Brown,william.brown883@gmail.com
S6051,Elizabeth Williams,elizabeth.williams18@gmail.com
S6052,Jennifer Gonzalez,jennifer.gonzalez765@gmail.com
S6053,Betty Garcia,betty.garcia572@gmail.com
S6054,Lisa Taylor,lisa.taylor208@gmail.com
S6055,Christopher Jones,christopher.jones697@gmail.com
S7001,Karen Taylor,karen.taylor646@gmail.com
S7002,Joseph Martinez,joseph.martinez742@gmail.com
S7003,Matthew Lopez,matthew.lopez163@gmail.com
S7004,Thomas Martinez,thomas.martinez181@gmail.com
S7005,Mark Martinez,mark.martinez484@gmail.com
S7006,Joseph Lopez,joseph.lopez518@gmail.com
S7007,Robert Williams,robert.williams943@gmail.com
S7008,Barbara Wilson,barbara.wilson644@gmail.com
S7009,Jennifer Garcia,jennifer.garcia269@gmail.com
S7010,Daniel Miller,daniel.miller249@gmail.com
S7011,Anthony Garcia,anthony.garcia984@gmail.com
S7012,Robert Williams,robert.williams636@gmail.com
S7013,Barbara Johnson,barbara.johnson69@gmail.com
S7014,Linda Moore,linda.moore57@gmail.com
S7015,Karen Brown,karen.brown387@gmail.com
S7016,William Lopez,william.lopez691@gmail.com
S7017,Susan Hernandez,susan.hernandez402@gmail.com
S7018,Jessica Hernandez,jessica.hernandez752@gmail.com
S7019,Richard Jackson,richard.jackson967@gmail.com
S7020,Richard Brown,richard.brown202@gmail.com
S7021,Patricia Johnson,patricia.johnson448@gmail.com
S7022,Patricia Williams,patricia.williams212@gmail.com
S7023,Patricia Martin,patricia.martin177@gmail.com
S7024,Linda Taylor,linda.taylor896@gmail.com
S7025,Susan Lopez,susan.lopez242@gmail.com
S7026,James Garcia,james.garcia96@gmail.com
S7027,Joseph Brown,joseph.brown475@gmail.com
S7028,Margaret Jones,margaret.jones578@gmail.com
S7029,Michael Williams,michael.williams389@gmail.com
S7030,Sandra Lopez,sandra.lopez208@gmail.com
S7031,Susan Martinez,susan.martinez142@gmail.com
S7032,Susan Wilson,susan.wilson548@gmail.com
S7033,Nancy Moore,nancy.moore721@gmail.com
S7034,David Smith,david.smith221@gmail.com
S7035,Karen Thomas,karen.thomas15@gmail.com
S7036,Thomas Hernandez,thomas.hernandez274@gmail.com
S7037,Karen Rodriguez,karen.rodriguez93@gmail.com
S7038,Mark Lopez,mark.lopez907@gmail.com
S7039,Lisa Taylor,lisa.taylor977@gmail.com
S7040,Karen Brown,karen.brown414@gmail.com
S7041,James Moore,james.moore982@gmail.com
S7042,Mark Jackson,mark.jackson321@gmail.com
S7043,David Miller,david.miller584@gmail.com
S7044,Christopher Miller,christopher.miller326@gmail.com
S7045,Lisa Garcia,lisa.garcia308@gmail.com
S7046,Karen Martinez,karen.martinez171@gmail.com
S7047,Betty Brown,betty.brown42@gmail.com
S7048,Sandra Moore,sandra.moore864@gmail.com
S7049,Elizabeth Johnson,elizabeth.johnson405@gmail.com
S7050,Robert Lopez,robert.lopez246@gmail.com
S7051,Anthony Martinez,anthony.martinez612@gmail.com
S7052,John Garcia,john.garcia537@gmail.com
S7053,Thomas Johnson,thomas.johnson463@gmail.com
S7054,Matthew Davis,matthew.davis251@gmail.com
S7055,Karen Miller,karen.miller960@gmail.com
S8001,Sarah Williams,sarah.williams451@gmail.com
S8002,David Smith,david.smith333@gmail.com
S8003,Susan Jackson,susan.jackson922@gmail.com
S8004,Sandra Williams,sandra.williams423@gmail.com
S8005,Sandra Garcia,sandra.garcia764@gmail.com
S8006,Robert Gonzalez,robert.gonzalez853@gmail.com
S8007,Jennifer Johnson,jennifer.johnson965@gmail.com
S8008,Karen Brown,karen.brown90@gmail.com
S8009,Margaret Johnson,margaret.johnson248@gmail.com
S8010,Matthew Gonzalez,matthew.gonzalez839@gmail.com
S8011,William Brown,william.brown423@gmail.com
S8012,Matthew Gonzalez,matthew.gonzalez370@gmail.com
S8013,Thomas Wilson,thomas.wilson988@gmail.com
S8014,Anthony Gonzalez,anthony.gonzalez717@gmail.com
S8015,Patricia Williams,patricia.williams417@gmail.com
S8016,James Anderson,james.anderson652@gmail.com
S8017,Susan Lopez,susan.lopez329@gmail.com
S8018,Thomas Hernandez,thomas.hernandez455@gmail.com
S8019,Richard Lopez,richard.lopez155@gmail.com
S8020,Christopher Rodriguez,christopher.rodriguez836@gmail.com
S8021,Richard Johnson,richard.johnson992@gmail.com
S8022,Daniel Smith,daniel.smith86@gmail.com
S8023,Karen Wilson,karen.wilson773@gmail.com
S8024,Patricia Hernandez,patricia.hernandez544@gmail.com
S8025,Margaret Martin,margaret.martin610@gmail.com
S8026,Jennifer Davis,jennifer.davis732@gmail.com
S8027,Patricia Rodriguez,patricia.rodriguez705@gmail.com
S8028,Margaret Lopez,margaret.lopez629@gmail.com
S8029,Betty Anderson,betty.anderson21@gmail.com
S8030,Susan Gonzalez,susan.gonzalez460@gmail.com
S8031,Margaret Rodriguez,margaret.rodriguez274@gmail.com
S8032,Betty Garcia,betty.garcia505@gmail.com
S8033,Nancy Davis,nancy.davis966@gmail.com
S8034,Karen Martinez,karen.martinez904@gmail.com
S8035,Betty Thomas,betty.thomas170@gmail.com
S8036,Richard Thomas,richard.thomas288@gmail.com
S8037,Charles Moore,charles.moore468@gmail.com
S8038,Susan Taylor,susan.taylor489@gmail.com
S8039,Elizabeth Miller,elizabeth.miller590@gmail.com
S8040,Jennifer Lopez,jennifer.lopez773@gmail.com
S8041,John Lopez,john.lopez973@gmail.com
S8042,Sandra Hernandez,sandra.hernandez563@gmail.com
S8043,Thomas Taylor,thomas.taylor787@gmail.com
S8044,James Taylor,james.taylor381@gmail.com
S8045,Elizabeth Miller,elizabeth.miller168@gmail.com
S8046,Matthew Jackson,matthew.jackson809@gmail.com
S8047,Mark Garcia,mark.garcia574@gmail.com
S8048,Jennifer Miller,jennifer.miller457@gmail.com
S8049,Margaret Johnson,margaret.johnson813@gmail.com
S8050,Sandra Miller,sandra.miller234@gmail.com
S8051,James Garcia,james.garcia318@gmail.com
S8052,Michael Thomas,michael.thomas248@gmail.com
S8053,Sarah Moore,sarah.moore827@gmail.com
S8054,Robert Gonzalez,robert.gonzalez339@gmail.com
S8055,Thomas Smith,thomas.smith609@gmail.com
S8056,Barbara Gonzalez,barbara.gonzalez184@gmail.com
S8057,Mary Martin,mary.martin852@gmail.com
S8058,Sarah Johnson,sarah.johnson674@gmail.com
S8059,James Jackson,james.jackson462@gmail.com
S8060,Matthew Anderson,matthew.anderson438@gmail.com
S8061,Sandra Garcia,sandra.garcia995@gmail.com
S8062,Mary Davis,mary.davis137@gmail.com
S8063,Robert Smith,robert.smith248@gmail.com
S8064,Joseph Wilson,joseph.wilson962@gmail.com
S8065,Matthew Miller,matthew.miller120@gmail.com
S8066,Mark Jackson,mark.jackson368@gmail.com
S8067,David Jackson,david.jackson591@gmail.com
S8068,Robert Garcia,robert.garcia438@gmail.com
S8069,William Brown,william.brown233@gmail.com
S8070,Richard Rodriguez,richard.rodriguez342@gmail.com
S8071,Linda Anderson,linda.anderson533@gmail.com
S8072,Mark Garcia,mark.garcia84@gmail.com
S8073,Sarah Rodriguez,sarah.rodriguez938@gmail.com
S8074,Joseph Jackson,joseph.jackson321@gmail.com
S8075,Mark Anderson,mark.anderson248@gmail.com
S8076,Margaret Wilson,margaret.wilson649@gmail.com
S8077,Jennifer Johnson,jennifer.johnson210@gmail.com
S8078,William Wilson,william.wilson972@gmail.com
S8079,Lisa Johnson,lisa.johnson339@gmail.com
S8080,William Williams,william.williams601@gmail.com
S8081,Daniel Rodriguez,daniel.rodriguez75@gmail.com
S8082,Karen Martinez,karen.martinez951@gmail.com
S8083,Michael Brown,michael.brown151@gmail.com
S8084,Margaret Rodriguez,margaret.rodriguez547@gmail.com
S8085,Linda Williams,linda.williams988@gmail.com
S8086,Mark Miller,mark.miller72@gmail.com
S8087,Elizabeth Gonzalez,elizabeth.gonzalez298@gmail.com
S8088,Sandra Lopez,sandra.lopez560@gmail.com
S8089,Nancy Martinez,nancy.martinez151@gmail.com
S8090,John Martinez,john.martinez375@gmail.com
S8091,Robert Williams,robert.williams664@gmail.com
S8092,Joseph Johnson,joseph.johnson406@gmail.com
S8093,Michael Moore,michael.moore245@gmail.com
S8094,Richard Miller,richard.miller103@gmail.com
S8095,Matthew Smith,matthew.smith998@gmail.com
S8096,Charles Garcia,charles.garcia945@gmail.com
S8097,Sandra Williams,sandra.williams64@gmail.com
S8098,Matthew Martin,matthew.martin325@gmail.com
S8099,Nancy Gonzalez,nancy.gonzalez603@gmail.com
S8100,Charles Anderson,charles.anderson415@gmail.com
S8101,Sarah Williams,sarah.williams619@gmail.com
S8102,Jessica Thomas,jessica.thomas993@gmail.com
S8103,Christopher Moore,christopher.moore722@gmail.com
S8104,Richard Moore,richard.moore128@gmail.com
S8105,Christopher Davis,christopher.davis267@gmail.com
S8106,Mark Garcia,mark.garcia368@gmail.com
S8107,Susan Gonzalez,susan.gonzalez648@gmail.com
S8108,Jessica Davis,jessica.davis88@gmail.com
S8109,Barbara Taylor,barbara.taylor103@gmail.com
S8110,James Wilson,james.wilson101@gmail.com
S8111,Michael Martin,michael.martin937@gmail.com
S8112,Matthew Brown,matthew.brown949@gmail.com
S8113,Richard Smith,richard.smith308@gmail.com
S8114,Mary Jones,mary.jones159@gmail.com
S8115,Lisa Martinez,lisa.martinez479@gmail.com
S8116,Jennifer Johnson,jennifer.johnson306@gmail.com
S8117,Michael Moore,michael.moore591@gmail.com
S8118,Linda Jackson,linda.jackson949@gmail.com
S8119,David Williams,david.williams367@gmail.com
S8120,Anthony Taylor,anthony.taylor492@gmail.com
S8121,Joseph Hernandez,joseph.hernandez532@gmail.com
S8122,Margaret Davis,margaret.davis39@gmail.com
S8123,Karen Taylor,karen.taylor130@gmail.com
S8124,Daniel Gonzalez,daniel.gonzalez497@gmail.com
S8125,Jessica Jones,jessica.jones875@gmail.com
S8126,Linda Martinez,linda.martinez365@gmail.com
S8127,Matthew Anderson,matthew.anderson880@gmail.com
S8128,Anthony Jackson,anthony.jackson798@gmail.com
S8129,James Jones,james.jones455@gmail.com
S8130,Jennifer Hernandez,jennifer.hernandez319@gmail.com
S8131,Richard Wilson,richard.wilson773@gmail.com
S8132,Mary Jackson,mary.jackson889@gmail.com
S8133,Karen Gonzalez,karen.gonzalez418@gmail.com
S8134,Joseph Miller,joseph.miller946@gmail.com
S8135,Margaret Moore,margaret.moore927@gmail.com
S8136,Michael Thomas,michael.thomas541@gmail.com
S8137,Karen Davis,karen.davis719@gmail.com
S8138,Elizabeth Davis,elizabeth.davis999@gmail.com
S8139,John Martin,john.martin701@gmail.com
S8140,Charles Lopez,charles.lopez940@gmail.com
S8141,Mark Garcia,mark.garcia669@gmail.com
S8142,Richard Brown,richard.brown104@gmail.com
S8143,Betty Johnson,betty.johnson229@gmail.com
S8144,Linda Rodriguez,linda.rodriguez254@gmail.com
S8145,Jennifer Taylor,jennifer.taylor327@gmail.com
S8146,Jennifer Wilson,jennifer.wilson528@gmail.com
S8147,William Gonzalez,william.gonzalez331@gmail.com
S8148,Anthony Miller,anthony.miller55@gmail.com
S8149,Mary Miller,mary.miller129@gmail.com
S8150,Karen Martin,karen.martin596@gmail.com
S8151,Mark Taylor,mark.taylor244@gmail.com
S8152,Margaret Thomas,margaret.thomas853@gmail.com
S8153,Thomas Martinez,thomas.martinez908@gmail.com
S8154,Barbara Wilson,barbara.wilson229@gmail.com
S8155,Patricia Smith,patricia.smith499@gmail.com
S8156,James Jones,james.jones551@gmail.com
S8157,Robert Rodriguez,robert.rodriguez385@gmail.com
S8158,Sandra Davis,sandra.davis354@gmail.com
S8159,Elizabeth Jones,elizabeth.jones545@gmail.com
S8160,Susan Johnson,susan.johnson985@gmail.com
S8161,John Miller,john.miller345@gmail.com
S8162,Michael Miller,michael.miller317@gmail.com
S8163,Susan Martinez,susan.martinez218@gmail.com
S8164,Sarah Rodriguez,sarah.rodriguez505@gmail.com
S8165,Nancy Moore,nancy.moore531@gmail.com
S8166,Christopher Lopez,christopher.lopez536@gmail.com
S8167,Jessica Williams,jessica.williams306@gmail.com
S8168,Michael Rodriguez,michael.rodriguez514@gmail.com
S8169,Linda Wilson,linda.wilson670@gmail.com
S8170,Margaret Martin,margaret.martin183@gmail.com
S8171,Christopher Thomas,christopher.thomas455@gmail.com
S8172,Jessica Hernandez,jessica.hernandez341@gmail.com
S8173,Joseph Gonzalez,joseph.gonzalez153@gmail.com
S8174,Jennifer Smith,jennifer.smith949@gmail.com
S8175,Robert Martinez,robert.martinez337@gmail.com
S8176,Lisa Martin,lisa.martin960@gmail.com
S8177,James Wilson,james.wilson497@gmail.com
S8178,Nancy Martin,nancy.martin463@gmail.com
S8179,Jessica Anderson,jessica.anderson34@gmail.com
S8180,Daniel Moore,daniel.moore344@gmail.com
S8181,Lisa Wilson,lisa.wilson411@gmail.com
S8182,Thomas Rodriguez,thomas.rodriguez542@gmail.com
S8183,Daniel Anderson,daniel.anderson501@gmail.com
S8184,Thomas Jackson,thomas.jackson44@gmail.com
S8185,Charles Rodriguez,charles.rodriguez766@gmail.com
S8186,Jessica Brown,jessica.brown545@gmail.com
S8187,William Garcia,william.garcia393@gmail.com
S8188,Thomas Davis,thomas.davis825@gmail.com
S8189,Michael Brown,michael.brown118@gmail.com
S8190,Patricia Johnson,patricia.johnson92@gmail.com
S8191,Margaret Taylor,margaret.taylor549@gmail.com
S8192,Linda Lopez,linda.lopez458@gmail.com
S8193,Sarah Moore,sarah.moore195@gmail.com
S8194,Sarah Johnson,sarah.johnson283@gmail.com
S8195,Linda Davis,linda.davis90@gmail.com
S8196,Jessica Lopez,jessica.lopez858@gmail.com
S8197,Linda Williams,linda.williams346@gmail.com
S8198,Joseph Lopez,joseph.lopez920@gmail.com
S8199,Robert Martin,robert.martin193@gmail.com
S8200,Lisa Taylor,lisa.taylor90@gmail.com
S9001,Susan Wilson,susan.wilson285@gmail.com
S9002,Sandra Brown,sandra.brown628@gmail.com
S9003,Robert Moore,robert.moore429@gmail.com
S9004,Linda Miller,linda.miller397@gmail.com
S9005,Anthony Rodriguez,anthony.rodriguez475@gmail.com
S9006,Lisa Garcia,lisa.garcia679@gmail.com
S9007,Betty Davis,betty.davis702@gmail.com
S9008,William Martin,william.martin928@gmail.com
S9009,Nancy Anderson,nancy.anderson635@gmail.com
S9010,Susan Rodriguez,susan.rodriguez451@gmail.com
S9011,Linda Jackson,linda.jackson822@gmail.com
S9012,Margaret Rodriguez,margaret.rodriguez965@gmail.com
S9013,Sarah Garcia,sarah.garcia78@gmail.com
S9014,Sarah Martin,sarah.martin587@gmail.com
S9015,Elizabeth Martin,elizabeth.martin782@gmail.com
S9016,William Anderson,william.anderson741@gmail.com
S9017,Anthony Hernandez,anthony.hernandez681@gmail.com
S9018,Elizabeth Jackson,elizabeth.jackson720@gmail.com
S9019,Daniel Jones,daniel.jones335@gmail.com
S9020,Anthony Gonzalez,anthony.gonzalez892@gmail.com
S9021,William Rodriguez,william.rodriguez805@gmail.com
S9022,Mark Wilson,mark.wilson69@gmail.com
S9023,Lisa Johnson,lisa.johnson412@gmail.com
S9024,Susan Anderson,susan.anderson607@gmail.com
S9025,Lisa Johnson,lisa.johnson582@gmail.com
S9026,Sandra Moore,sandra.moore308@gmail.com
S9027,Lisa Miller,lisa.miller783@gmail.com
S9028,Joseph Gonzalez,joseph.gonzalez999@gmail.com
S9029,John Anderson,john.anderson462@gmail.com
S9030,Michael Martin,michael.martin735@gmail.com
S9031,James Martinez,james.martinez367@gmail.com
S9032,Daniel Taylor,daniel.taylor900@gmail.com
S9033,Mark Gonzalez,mark.gonzalez607@gmail.com
S9034,Richard Johnson,richard.johnson780@gmail.com
S9035,Anthony Gonzalez,anthony.gonzalez661@gmail.com
S9036,Sandra Anderson,sandra.anderson916@gmail.com
S9037,Michael Lopez,michael.lopez955@gmail.com
S9038,Michael Hernandez,michael.hernandez191@gmail.com
S9039,Lisa Thomas,lisa.thomas947@gmail.com
S9040,David Anderson,david.anderson101@gmail.com
S9041,William Davis,william.davis234@gmail.com
S9042,Christopher Anderson,christopher.anderson400@gmail.com
S9043,Margaret Johnson,margaret.johnson141@gmail.com
S9044,Jennifer Anderson,jennifer.anderson310@gmail.com
S9045,Linda Garcia,linda.garcia499@gmail.com
S9046,Mary Taylor,mary.taylor68@gmail.com
S9047,Matthew Taylor,matthew.taylor45@gmail.com
S9048,Linda Garcia,linda.garcia743@gmail.com
S9049,Charles Davis,charles.davis487@gmail.com
S9050,Anthony Thomas,anthony.thomas864@gmail.com
S9051,Linda Gonzalez,linda.gonzalez19@gmail.com
S9052,Michael Johnson,michael.johnson549@gmail.com
S9053,Karen Garcia,karen.garcia858@gmail.com
S9054,Betty Garcia,betty.garcia689@gmail.com
S9055,Charles Garcia,charles.garcia228@gmail.com
S9056,John Hernandez,john.hernandez527@gmail.com
S9057,Susan Miller,susan.miller32@gmail.com
S9058,Betty Jones,betty.jones543@gmail.com
S9059,Elizabeth Gonzalez,elizabeth.gonzalez648@gmail.com
S9060,Sarah Hernandez,sarah.hernandez91@gmail.com
S9061,Betty Moore,betty.moore364@gmail.com
S9062,Karen Brown,karen.brown719@gmail.com
S9063,Joseph Davis,joseph.davis225@gmail.com
S9064,Matthew Smith,matthew.smith173@gmail.com
S9065,Mary Johnson,mary.johnson160@gmail.com
S9066,Joseph Brown,joseph.brown430@gmail.com
S9067,Robert Jones,robert.jones884@gmail.com
S9068,Mary Wilson,mary.wilson626@gmail.com
S9069,Joseph Anderson,joseph.anderson348@gmail.com
S9070,Daniel Brown,daniel.brown332@gmail.com
S9071,John Miller,john.miller396@gmail.com
S9072,William Miller,william.miller807@gmail.com
S9073,Sandra Lopez,sandra.lopez82@gmail.com
S9074,Elizabeth Brown,elizabeth.brown827@gmail.com
S9075,Thomas Jones,thomas.jones179@gmail.com
S9076,James Hernandez,james.hernandez870@gmail.com
S9077,Jessica Lopez,jessica.lopez801@gmail.com
S9078,David Thomas,david.thomas584@gmail.com
S9079,William Lopez,william.lopez631@gmail.com
S9080,Matthew Martinez,matthew.martinez152@gmail.com
S9081,John Brown,john.brown502@gmail.com
S9082,Jennifer Hernandez,jennifer.hernandez820@gmail.com
S9083,Jessica Brown,jessica.brown729@gmail.com
S9084,Jennifer Taylor,jennifer.taylor222@gmail.com
S9085,Linda Taylor,linda.taylor125@gmail.com
S9086,William Jones,william.jones286@gmail.com
S9087,Christopher Williams,christopher.williams447@gmail.com
S9088,David Jackson,david.jackson615@gmail.com
S9089,Lisa Anderson,lisa.anderson163@gmail.com
S9090,Thomas Miller,thomas.miller737@gmail.com
S9091,Joseph Davis,joseph.davis420@gmail.com
S9092,John Taylor,john.taylor365@gmail.com
S9093,Charles Martin,charles.martin758@gmail.com
S9094,Jennifer Rodriguez,jennifer.rodriguez697@gmail.com
S9095,Robert Thomas,robert.thomas410@gmail.com
S9096,Betty Williams,betty.williams278@gmail.com
S9097,James Martin,james.martin41@gmail.com
S9098,Charles Rodriguez,charles.rodriguez631@gmail.com
S9099,Thomas Rodriguez,thomas.rodriguez440@gmail.com
S9100,David Garcia,david.garcia262@gmail.com
S9101,Daniel Rodriguez,daniel.rodriguez417@gmail.com
S9102,Patricia Moore,patricia.moore152@gmail.com
S9103,John Williams,john.williams756@gmail.com
S9104,William Thomas,william.thomas454@gmail.com
S9105,Michael Miller,michael.miller853@gmail.com
S9106,William Garcia,william.garcia447@gmail.com
S9107,Matthew Martinez,matthew.martinez510@gmail.com
S9108,Joseph Jackson,joseph.jackson237@gmail.com
S9109,James Martinez,james.martinez438@gmail.com
S9110,Patricia Garcia,patricia.garcia878@gmail.com
S9111,Jessica Hernandez,jessica.hernandez867@gmail.com
S9112,Linda Miller,linda.miller319@gmail.com
S9113,Anthony Williams,anthony.williams388@gmail.com
S9114,Charles Lopez,charles.lopez934@gmail.com
S9115,Christopher Garcia,christopher.garcia654@gmail.com
S9116,Nancy Williams,nancy.williams644@gmail.com
S9117,Charles Wilson,charles.wilson758@gmail.com
S9118,Joseph Wilson,joseph.wilson893@gmail.com
S9119,Barbara Taylor,barbara.taylor510@gmail.com
S9120,James Wilson,james.wilson104@gmail.com
S9121,James Taylor,james.taylor572@gmail.com
S9122,Karen Thomas,karen.thomas953@gmail.com
S9123,Elizabeth Anderson,elizabeth.anderson309@gmail.com
S9124,Barbara Williams,barbara.williams114@gmail.com
S9125,Michael Hernandez,michael.hernandez617@gmail.com
S9126,Karen Taylor,karen.taylor484@gmail.com
S9127,Jessica Wilson,jessica.wilson355@gmail.com
S9128,Susan Wilson,susan.wilson937@gmail.com
S9129,Karen Johnson,karen.johnson716@gmail.com
S9130,James Miller,james.miller666@gmail.com
S9131,Daniel Miller,daniel.miller666@gmail.com
S9132,Daniel Martin,daniel.martin546@gmail.com
S9133,Mary Thomas,mary.thomas769@gmail.com
S9134,Michael Brown,michael.brown23@gmail.com
S9135,Christopher Johnson,christopher.johnson880@gmail.com
S9136,Linda Martin,linda.martin21@gmail.com
S9137,Betty Moore,betty.moore295@gmail.com
S9138,David Gonzalez,david.gonzalez755@gmail.com
S9139,Matthew Jones,matthew.jones735@gmail.com
S9140,John Brown,john.brown11@gmail.com
S9141,Robert Johnson,robert.johnson34@gmail.com
S9142,Barbara Lopez,barbara.lopez503@gmail.com
S9143,Nancy Martinez,nancy.martinez123@gmail.com
S9144,Thomas Smith,thomas.smith689@gmail.com
S9145,Linda Smith,linda.smith208@gmail.com
S9146,Mark Davis,mark.davis604@gmail.com
S9147,Richard Williams,richard.williams203@gmail.com
S9148,Nancy Johnson,nancy.johnson864@gmail.com
S9149,Patricia Smith,patricia.smith569@gmail.com
S9150,Mary Taylor,mary.taylor908@gmail.com
S9151,Christopher Jackson,christopher.jackson335@gmail.com
S9152,Charles Garcia,charles.garcia583@gmail.com
S9153,William Rodriguez,william.rodriguez688@gmail.com
S9154,Karen Lopez,karen.lopez321@gmail.com
S9155,Joseph Jones,joseph.jones931@gmail.com
S9156,James Jones,james.jones69@gmail.com
S9157,John Martinez,john.martinez238@gmail.com
S9158,Sarah Hernandez,sarah.hernandez36@gmail.com
S9159,Jessica Smith,jessica.smith958@gmail.com
S9160,Sarah Jackson,sarah.jackson765@gmail.com
S9161,Betty Rodriguez,betty.rodriguez258@gmail.com
S9162,Jennifer Jones,jennifer.jones807@gmail.com
S9163,Mark Moore,mark.moore647@gmail.com
S9164,Jessica Garcia,jessica.garcia397@gmail.com
S9165,Joseph Taylor,joseph.taylor555@gmail.com
S9166,Elizabeth Lopez,elizabeth.lopez697@gmail.com
S9167,David Hernandez,david.hernandez592@gmail.com
S9168,Sandra Anderson,sandra.anderson688@gmail.com
S9169,Karen Anderson,karen.anderson820@gmail.com
S9170,Jessica Gonzalez,jessica.gonzalez236@gmail.com
S9171,Karen Smith,karen.smith955@gmail.com
S9172,Michael Martin,michael.martin998@gmail.com
S9173,Christopher Smith,christopher.smith935@gmail.com
S9174,William Martinez,william.martinez187@gmail.com
S9175,Michael Garcia,michael.garcia699@gmail.com
S9176,Lisa Johnson,lisa.johnson143@gmail.com
S9177,Jennifer Garcia,jennifer.garcia213@gmail.com
S9178,Nancy Miller,nancy.miller472@gmail.com
S9179,Joseph Miller,joseph.miller982@gmail.com
S9180,John Garcia,john.garcia225@gmail.com
S9181,Lisa Garcia,lisa.garcia83@gmail.com
S9182,Daniel Rodriguez,daniel.rodriguez669@gmail.com
S9183,Christopher Martin,christopher.martin256@gmail.com
S9184,Margaret Johnson,margaret.johnson789@gmail.com
S9185,Lisa Brown,lisa.brown676@gmail.com
S9186,Nancy Rodriguez,nancy.rodriguez774@gmail.com
S9187,Betty Garcia,betty.garcia903@gmail.com
S9188,Matthew Hernandez,matthew.hernandez754@gmail.com
S9189,Barbara Martin,barbara.martin372@gmail.com
S9190,Patricia Martinez,patricia.martinez747@gmail.com
S9191,Elizabeth Davis,elizabeth.davis394@gmail.com
S9192,Nancy Taylor,nancy.taylor732@gmail.com
S9193,Charles Anderson,charles.anderson632@gmail.com
S9194,Jessica Moore,jessica.moore16@gmail.com
S9195,Thomas Martinez,thomas.martinez392@gmail.com
S9196,Jessica Wilson,jessica.wilson39@gmail.com
S9197,William Johnson,william.johnson911@gmail.com
S9198,Margaret Anderson,margaret.anderson437@gmail.com
S9199,Michael Hernandez,michael.hernandez820@gmail.com
S9200,Betty Brown,betty.brown491@gmail.com
S9201,Barbara Anderson,barbara.anderson472@gmail.com
S9202,Sarah Jackson,sarah.jackson295@gmail.com
S9203,Matthew Jones,matthew.jones573@gmail.com
S9204,Robert Rodriguez,robert.rodriguez339@gmail.com
S9205,John Lopez,john.lopez98@gmail.com
S9206,Elizabeth Jones,elizabeth.jones971@gmail.com
S9207,David Smith,david.smith519@gmail.com
S9208,Elizabeth Johnson,elizabeth.johnson287@gmail.com
S9209,Karen Thomas,karen.thomas327@gmail.com
S9210,John Jones,john.jones297@gmail.com
S9211,Jessica Garcia,jessica.garcia166@gmail.com
S9212,Linda Hernandez,linda.hernandez605@gmail.com
S9213,Richard Rodriguez,richard.rodriguez810@gmail.com
S9214,Betty Martin,betty.martin763@gmail.com
S9215,Karen Garcia,karen.garcia883@gmail.com
S9216,Thomas Thomas,thomas.thomas555@gmail.com
S9217,Richard Johnson,richard.johnson95@gmail.com
S9218,Sarah Davis,sarah.davis536@gmail.com
S9219,Matthew Garcia,matthew.garcia656@gmail.com
S9220,Betty Wilson,betty.wilson550@gmail.com
S9221,Patricia Brown,patricia.brown841@gmail.com
S9222,James Williams,james.williams434@gmail.com
S9223,Lisa Wilson,lisa.wilson76@gmail.com
S9224,John Moore,john.moore415@gmail.com
S9225,Jessica Martinez,jessica.martinez917@gmail.com
S9226,Anthony Jones,anthony.jones660@gmail.com
S9227,Charles Jackson,charles.jackson782@gmail.com
S9228,Sandra Hernandez,sandra.hernandez374@gmail.com
S9229,Jessica Davis,jessica.davis885@gmail.com
S9230,John Miller,john.miller576@gmail.com
S9231,Linda Johnson,linda.johnson917@gmail.com
S9232,Karen Johnson,karen.johnson781@gmail.com
S9233,Jennifer Gonzalez,jennifer.gonzalez74@gmail.com
S9234,Anthony Jackson,anthony.jackson773@gmail.com
S9235,Christopher Wilson,christopher.wilson518@gmail.com
S9236,Matthew Hernandez,matthew.hernandez68@gmail.com
S9237,Jessica Martin,jessica.martin732@gmail.com
S9238,Charles Miller,charles.miller328@gmail.com
S9239,Betty Jackson,betty.jackson234@gmail.com
S9240,Robert Smith,robert.smith429@gmail.com
S9241,Lisa Wilson,lisa.wilson665@gmail.com
S9242,Margaret Wilson,margaret.wilson631@gmail.com
S9243,Matthew Martin,matthew.martin86@gmail.com
S9244,Thomas Garcia,thomas.garcia295@gmail.com
S9245,Betty Williams,betty.williams939@gmail.com
S9246,Anthony Anderson,anthony.anderson303@gmail.com
S9247,Jennifer Jones,jennifer.jones93@gmail.com
S9248,Barbara Lopez,barbara.lopez372@gmail.com
S9249,Karen Jones,karen.jones82@gmail.com
S9250,Michael Gonzalez,michael.gonzalez769@gmail.com
S9251,James Moore,james.moore928@gmail.com
S9252,Christopher Hernandez,christopher.hernandez781@gmail.com
S9253,Barbara Garcia,barbara.garcia96@gmail.com
S9254,Charles Gonzalez,charles.gonzalez466@gmail.com
S9255,Richard Moore,richard.moore312@gmail.com
S9256,Sandra Williams,sandra.williams641@gmail.com
S9257,Betty Jones,betty.jones534@gmail.com
S9258,Margaret Jackson,margaret.jackson112@gmail.com
S9259,Linda Williams,linda.williams274@gmail.com
S9260,Anthony Smith,anthony.smith24@gmail.com
S9261,Robert Garcia,robert.garcia876@gmail.com
S9262,Jennifer Moore,jennifer.moore906@gmail.com
S9263,Joseph Garcia,joseph.garcia767@gmail.com
S9264,Mark Wilson,mark.wilson409@gmail.com
S9265,Barbara Martin,barbara.martin475@gmail.com
S9266,Margaret Jackson,margaret.jackson416@gmail.com
S9267,Karen Garcia,karen.garcia945@gmail.com
S9268,David Jackson,david.jackson195@gmail.com
S9269,Mark Moore,mark.moore594@gmail.com
S9270,Karen Jones,karen.jones597@gmail.com
S9271,Thomas Gonzalez,thomas.gonzalez413@gmail.com
S9272,Lisa Martinez,lisa.martinez519@gmail.com
S9273,Mary Brown,mary.brown599@gmail.com
S9274,Lisa Smith,lisa.smith231@gmail.com
S9275,Robert Gonzalez,robert.gonzalez469@gmail.com
S9276,Linda Hernandez,linda.hernandez988@gmail.com
S9277,Barbara Smith,barbara.smith883@gmail.com
S9278,Matthew Williams,matthew.williams506@gmail.com
S9279,Barbara Jackson,barbara.jackson294@gmail.com
S9280,Christopher Martin,christopher.martin957@gmail.com
S9281,Daniel Smith,daniel.smith309@gmail.com
S9282,Karen Smith,karen.smith963@gmail.com
S9283,Nancy Davis,nancy.davis440@gmail.com
S9284,Mark Williams,mark.williams584@gmail.com
S9285,Michael Taylor,michael.taylor399@gmail.com
S9286,Jessica Garcia,jessica.garcia731@gmail.com
S9287,Thomas Rodriguez,thomas.rodriguez691@gmail.com
S9288,Jennifer Jackson,jennifer.jackson747@gmail.com
S9289,Thomas Jones,thomas.jones755@gmail.com
S9290,Christopher Jones,christopher.jones927@gmail.com
S9291,Anthony Hernandez,anthony.hernandez759@gmail.com
S9292,Elizabeth Johnson,elizabeth.johnson697@gmail.com
S9293,Robert Anderson,robert.anderson434@gmail.com
S9294,Jennifer Taylor,jennifer.taylor770@gmail.com
S9295,Elizabeth Brown,elizabeth.brown215@gmail.com
S9296,Mark Brown,mark.brown739@gmail.com
S9297,Elizabeth Smith,elizabeth.smith220@gmail.com
S9298,Joseph Gonzalez,joseph.gonzalez947@gmail.com
S9299,James Hernandez,james.hernandez176@gmail.com
S9300,Daniel Martin,daniel.martin974@gmail.com
S9301,Thomas Thomas,thomas.thomas451@gmail.com
S9302,Betty Smith,betty.smith516@gmail.com
S9303,Daniel Jackson,daniel.jackson804@gmail.com
S9304,John Smith,john.smith305@gmail.com
S9305,Christopher Williams,christopher.williams818@gmail.com
S9306,Mary Williams,mary.williams370@gmail.com
S9307,Karen Gonzalez,karen.gonzalez501@gmail.com
S9308,Barbara Moore,barbara.moore530@gmail.com
S9309,William Wilson,william.wilson892@gmail.com
S9310,Mary Davis,mary.davis64@gmail.com
S9311,Anthony Smith,anthony.smith166@gmail.com
S9312,Charles Gonzalez,charles.gonzalez825@gmail.com
S9313,Richard Anderson,richard.anderson912@gmail.com
S9314,John Garcia,john.garcia996@gmail.com
S9315,Susan Davis,susan.davis740@gmail.com
S9316,Mary Davis,mary.davis134@gmail.com
S9317,Anthony Garcia,anthony.garcia928@gmail.com
S9318,Joseph Jones,joseph.jones428@gmail.com
S9319,Mary Martin,mary.martin226@gmail.com
S9320,John Hernandez,john.hernandez771@gmail.com
S9321,Mary Davis,mary.davis432@gmail.com
S9322,John Williams,john.williams541@gmail.com
S9323,Elizabeth Garcia,elizabeth.garcia396@gmail.com
S9324,Joseph Miller,joseph.miller986@gmail.com
S9325,Thomas Miller,thomas.miller601@gmail.com
S9326,Mark Jackson,mark.jackson487@gmail.com
S9327,Elizabeth Wilson,elizabeth.wilson857@gmail.com
S9328,Margaret Jackson,margaret.jackson749@gmail.com
S9329,John Smith,john.smith73@gmail.com
S9330,Barbara Davis,barbara.davis851@gmail.com
S9331,Charles Davis,charles.davis63@gmail.com
S9332,Mary Hernandez,mary.hernandez854@gmail.com
S9333,Robert Miller,robert.miller326@gmail.com
S9334,Barbara Miller,barbara.miller754@gmail.com
S9335,Thomas Miller,thomas.miller515@gmail.com
S9336,Elizabeth Gonzalez,elizabeth.gonzalez784@gmail.com
S9337,Elizabeth Brown,elizabeth.brown986@gmail.com
S9338,Barbara Garcia,barbara.garcia306@gmail.com
S9339,William Jackson,william.jackson970@gmail.com
S9340,Betty Anderson,betty.anderson426@gmail.com
S9341,Christopher Jones,christopher.jones748@gmail.com
S9342,Mary Brown,mary.brown795@gmail.com
S9343,Charles Anderson,charles.anderson521@gmail.com
S9344,Jessica Davis,jessica.davis649@gmail.com
S9345,Linda Williams,linda.williams990@gmail.com
S9346,David Moore,david.moore321@gmail.com
S9347,Betty Taylor,betty.taylor692@gmail.com
S9348,James Wilson,james.wilson907@gmail.com
S9349,Karen Rodriguez,karen.rodriguez683@gmail.com
S9350,Sandra Lopez,sandra.lopez471@gmail.com
S9351,Mark Williams,mark.williams79@gmail.com
S9352,Elizabeth Garcia,elizabeth.garcia885@gmail.com
S9353,Lisa Williams,lisa.williams222@gmail.com
S9354,Michael Rodriguez,michael.rodriguez53@gmail.com
S9355,Sandra Johnson,sandra.johnson512@gmail.com
S9356,Elizabeth Williams,elizabeth.williams422@gmail.com
S9357,Jessica Hernandez,jessica.hernandez420@gmail.com
S9358,James Thomas,james.thomas955@gmail.com
S9359,Daniel Wilson,daniel.wilson980@gmail.com
S9360,Linda Johnson,linda.johnson901@gmail.com
S9361,Nancy Williams,nancy.williams437@gmail.com
S9362,Margaret Thomas,margaret.thomas915@gmail.com
S9363,Linda Moore,linda.moore375@gmail.com
S9364,Jessica Jones,jessica.jones434@gmail.com
S9365,Daniel Lopez,daniel.lopez782@gmail.com
S9366,Jennifer Martinez,jennifer.martinez665@gmail.com
S9367,Jessica Smith,jessica.smith31@gmail.com
S9368,Elizabeth Davis,elizabeth.davis125@gmail.com
S9369,Margaret Martinez,margaret.martinez996@gmail.com
S9370,Karen Johnson,karen.johnson630@gmail.com
S9371,Nancy Moore,nancy.moore273@gmail.com
S9372,Jessica Brown,jessica.brown566@gmail.com
S9373,Thomas Anderson,thomas.anderson907@gmail.com
S9374,Elizabeth Smith,elizabeth.smith947@gmail.com
S9375,Mary Taylor,mary.taylor650@gmail.com
S9376,Robert Johnson,robert.johnson47@gmail.com
S9377,Nancy Smith,nancy.smith504@gmail.com
S9378,William Hernandez,william.hernandez309@gmail.com
S9379,James Jackson,james.jackson361@gmail.com
S9380,Jennifer Williams,jennifer.williams26@gmail.com
S9381,Mark Miller,mark.miller663@gmail.com
S9382,Patricia Hernandez,patricia.hernandez399@gmail.com
S9383,Karen Taylor,karen.taylor644@gmail.com
S9384,Michael Jones,michael.jones42@gmail.com
S9385,Richard Rodriguez,richard.rodriguez323@gmail.com
S9386,Karen Brown,karen.brown735@gmail.com
S9387,Jennifer Brown,jennifer.brown502@gmail.com
S9388,Christopher Garcia,christopher.garcia723@gmail.com
S9389,Sarah Gonzalez,sarah.gonzalez530@gmail.com
S9390,Sarah Hernandez,sarah.hernandez382@gmail.com
S9391,Susan Smith,susan.smith95@gmail.com
S9392,Richard Moore,richard.moore991@gmail.com
S9393,Matthew Wilson,matthew.wilson878@gmail.com
S9394,Richard Jackson,richard.jackson485@gmail.com
S9395,Mary Martin,mary.martin444@gmail.com
S9396,Thomas Miller,thomas.miller64@gmail.com
S9397,Charles Thomas,charles.thomas275@gmail.com
S9398,Nancy Taylor,nancy.taylor147@gmail.com
S9399,Nancy Anderson,nancy.anderson721@gmail.com
S9400,Lisa Wilson,lisa.wilson612@gmail.com
S9401,Elizabeth Martin,elizabeth.martin396@gmail.com
S9402,Thomas Martin,thomas.martin987@gmail.com
S9403,Jessica Johnson,jessica.johnson553@gmail.com
S9404,Joseph Jackson,joseph.jackson899@gmail.com
S9405,Charles Jones,charles.jones322@gmail.com
S9406,William Rodriguez,william.rodriguez466@gmail.com
S9407,Karen Jackson,karen.jackson635@gmail.com
S9408,John Hernandez,john.hernandez202@gmail.com
S9409,William Hernandez,william.hernandez186@gmail.com
S9410,Lisa Williams,lisa.williams604@gmail.com
S9411,Barbara Miller,barbara.miller436@gmail.com
S9412,Sarah Smith,sarah.smith932@gmail.com
S9413,Richard Davis,richard.davis367@gmail.com
S9414,Joseph Moore,joseph.moore666@gmail.com
S9415,Sandra Jackson,sandra.jackson902@gmail.com
S9416,Matthew Lopez,matthew.lopez867@gmail.com
S9417,David Jones,david.jones426@gmail.com
S9418,Jessica Lopez,jessica.lopez95@gmail.com
S9419,Jennifer Brown,jennifer.brown277@gmail.com
S9420,Robert Moore,robert.moore222@gmail.com
S9421,Jessica Anderson,jessica.anderson655@gmail.com
S9422,Linda Johnson,linda.johnson247@gmail.com
S9423,Christopher Lopez,christopher.lopez198@gmail.com
S9424,Elizabeth Brown,elizabeth.brown873@gmail.com
S9425,Lisa Taylor,lisa.taylor229@gmail.com
S9426,Karen Garcia,karen.garcia372@gmail.com
S9427,Susan Lopez,susan.lopez775@gmail.com
S9428,Patricia Davis,patricia.davis299@gmail.com
S9429,Susan Miller,susan.miller843@gmail.com
S9430,Jessica Anderson,jessica.anderson790@gmail.com
S9431,Thomas Hernandez,thomas.hernandez528@gmail.com
S9432,Barbara Martin,barbara.martin746@gmail.com
S9433,Anthony Williams,anthony.williams773@gmail.com
S9434,Sarah Smith,sarah.smith406@gmail.com
S9435,Linda Williams,linda.williams226@gmail.com
S9436,Jessica Anderson,jessica.anderson660@gmail.com
S9437,Karen Moore,karen.moore362@gmail.com
S9438,Michael Miller,michael.miller747@gmail.com
S9439,Joseph Rodriguez,joseph.rodriguez908@gmail.com
S9440,Betty Davis,betty.davis264@gmail.com
S9441,William Miller,william.miller803@gmail.com
S9442,Charles Martin,charles.martin160@gmail.com
S9443,Lisa Jones,lisa.jones953@gmail.com
S9444,Susan Garcia,susan.garcia506@gmail.com
S9445,Christopher Martin,christopher.martin511@gmail.com
S9446,James Wilson,james.wilson851@gmail.com
S9447,John Brown,john.brown915@gmail.com
S9448,Richard Garcia,richard.garcia411@gmail.com
S9449,Barbara Brown,barbara.brown760@gmail.com
S9450,Mark Thomas,mark.thomas363@gmail.com
S9451,Linda Rodriguez,linda.rodriguez612@gmail.com
S9452,Margaret Jackson,margaret.jackson62@gmail.com
S9453,Elizabeth Jackson,elizabeth.jackson428@gmail.com
S9454,Mark Jackson,mark.jackson871@gmail.com
S9455,Lisa Thomas,lisa.thomas10@gmail.com
S9456,Patricia Martin,patricia.martin314@gmail.com
S9457,Jennifer Moore,jennifer.moore805@gmail.com
S9458,Robert Martinez,robert.martinez23@gmail.com
S9459,Anthony Taylor,anthony.taylor891@gmail.com
S9460,Barbara Jones,barbara.jones121@gmail.com
S9461,Barbara Jackson,barbara.jackson685@gmail.com
S9462,Joseph Hernandez,joseph.hernandez186@gmail.com
S9463,Daniel Anderson,daniel.anderson95@gmail.com
S9464,Daniel Moore,daniel.moore66@gmail.com
S9465,Anthony Brown,anthony.brown348@gmail.com
S9466,James Davis,james.davis556@gmail.com
S9467,Daniel Taylor,daniel.taylor599@gmail.com
S9468,Margaret Gonzalez,margaret.gonzalez628@gmail.com
S9469,Jennifer Lopez,jennifer.lopez548@gmail.com
S9470,Matthew Davis,matthew.davis19@gmail.com
S9471,Joseph Davis,joseph.davis345@gmail.com
S9472,Daniel Jackson,daniel.jackson264@gmail.com
S9473,Christopher Anderson,christopher.anderson364@gmail.com
S9474,Richard Gonzalez,richard.gonzalez128@gmail.com
S9475,Charles Hernandez,charles.hernandez984@gmail.com
S9476,Michael Rodriguez,michael.rodriguez998@gmail.com
S9477,Lisa Lopez,lisa.lopez143@gmail.com
S9478,Daniel Rodriguez,daniel.rodriguez992@gmail.com
S9479,Lisa Anderson,lisa.anderson478@gmail.com
S9480,Anthony Williams,anthony.williams228@gmail.com
S9481,Betty Martinez,betty.martinez583@gmail.com
S9482,Charles Johnson,charles.johnson981@gmail.com
S9483,Thomas Johnson,thomas.johnson649@gmail.com
S9484,Thomas Williams,thomas.williams622@gmail.com
S9485,William Jones,william.jones339@gmail.com
S9486,Sandra Jones,sandra.jones173@gmail.com
S9487,David Miller,david.miller985@gmail.com
S9488,William Wilson,william.wilson243@gmail.com
S9489,Christopher Brown,christopher.brown510@gmail.com
S9490,William Williams,william.williams53@gmail.com
S9491,Joseph Miller,joseph.miller146@gmail.com
S9492,Christopher Johnson,christopher.johnson189@gmail.com
S9493,Karen Williams,karen.williams317@gmail.com
S9494,James Williams,james.williams907@gmail.com
S9495,Betty Thomas,betty.thomas844@gmail.com
S9496,Matthew Williams,matthew.williams787@gmail.com
S9497,Daniel Garcia,daniel.garcia981@gmail.com
S9498,James Johnson,james.johnson392@gmail.com
S9499,Charles Johnson,charles.johnson450@gmail.com
S9500,Betty Hernandez,betty.hernandez61@gmail.com
S9501,John Anderson,john.anderson303@gmail.com
S9502,Daniel Thomas,daniel.thomas840@gmail.com
S9503,Sandra Jackson,sandra.jackson126@gmail.com
S9504,James Gonzalez,james.gonzalez873@gmail.com
S9505,Charles Garcia,charles.garcia874@gmail.com
S9506,John Jackson,john.jackson290@gmail.com
S9507,William Gonzalez,william.gonzalez140@gmail.com
S9508,Elizabeth Martinez,elizabeth.martinez829@gmail.com
S9509,David Garcia,david.garcia432@gmail.com
S9510,Christopher Moore,christopher.moore567@gmail.com
S9511,Patricia Thomas,patricia.thomas597@gmail.com
S9512,Betty Anderson,betty.anderson94@gmail.com
S9513,Daniel Brown,daniel.brown484@gmail.com
S9514,Michael Miller,michael.miller266@gmail.com
S9515,Karen Moore,karen.moore896@gmail.com
S9516,Robert Brown,robert.brown902@gmail.com
S9517,David Gonzalez,david.gonzalez520@gmail.com
S9518,Elizabeth Jones,elizabeth.jones95@gmail.com
S9519,Michael Anderson,michael.anderson174@gmail.com
S9520,John Taylor,john.taylor882@gmail.com
S9521,Michael Brown,michael.brown712@gmail.com
S9522,Richard Jackson,richard.jackson887@gmail.com
S9523,James Thomas,james.thomas239@gmail.com
S9524,Susan Gonzalez,susan.gonzalez580@gmail.com
S9525,James Thomas,james.thomas260@gmail.com
S9526,Robert Smith,robert.smith362@gmail.com
S9527,Robert Brown,robert.brown703@gmail.com
S9528,Joseph Hernandez,joseph.hernandez188@gmail.com
S9529,Betty Taylor,betty.taylor236@gmail.com
S9530,William Jackson,william.jackson744@gmail.com
S9531,Sandra Miller,sandra.miller338@gmail.com
S9532,Sarah Miller,sarah.miller745@gmail.com
S9533,Mary Williams,mary.williams557@gmail.com
S9534,Anthony Wilson,anthony.wilson319@gmail.com
S9535,Margaret Thomas,margaret.thomas899@gmail.com
S9536,Elizabeth Davis,elizabeth.davis742@gmail.com
S9537,Betty Jones,betty.jones864@gmail.com
S9538,Christopher Jones,christopher.jones921@gmail.com
S9539,Barbara Williams,barbara.williams28@gmail.com
S9540,Anthony Miller,anthony.miller747@gmail.com
S9541,Richard Wilson,richard.wilson839@gmail.com
S9542,Richard Thomas,richard.thomas492@gmail.com
S9543,Richard Rodriguez,richard.rodriguez770@gmail.com
S9544,Jessica Johnson,jessica.johnson15@gmail.com
S9545,Robert Taylor,robert.taylor211@gmail.com
S9546,Robert Rodriguez,robert.rodriguez294@gmail.com
S9547,Sarah Miller,sarah.miller25@gmail.com
S9548,Lisa Lopez,lisa.lopez489@gmail.com
S9549,Linda Jones,linda.jones609@gmail.com
S9550,Barbara Rodriguez,barbara.rodriguez961@gmail.com
S10001,Charles Smith,charles.smith136@gmail.com
S10002,Robert Miller,robert.miller944@gmail.com
S10003,Anthony Garcia,anthony.garcia502@gmail.com
S10004,Matthew Davis,matthew.davis496@gmail.com
S10005,Robert Smith,robert.smith942@gmail.com
S10006,Mark Gonzalez,mark.gonzalez68@gmail.com
S10007,Joseph Garcia,joseph.garcia956@gmail.com
S10008,David Gonzalez,david.gonzalez847@gmail.com
S10009,Elizabeth Jones,elizabeth.jones706@gmail.com
S10010,William Thomas,william.thomas983@gmail.com
S10011,Mark Martinez,mark.martinez170@gmail.com
S10012,Anthony Rodriguez,anthony.rodriguez672@gmail.com
S10013,Jennifer Anderson,jennifer.anderson261@gmail.com
S10014,William Jackson,william.jackson622@gmail.com
S10015,Elizabeth Taylor,elizabeth.taylor953@gmail.com
S10016,Richard Jones,richard.jones665@gmail.com
S10017,Susan Thomas,susan.thomas381@gmail.com
S10018,Sandra Gonzalez,sandra.gonzalez175@gmail.com
S10019,Christopher Miller,christopher.miller410@gmail.com
S10020,Charles Jackson,charles.jackson728@gmail.com
S10021,Thomas Johnson,thomas.johnson345@gmail.com
S10022,Betty Anderson,betty.anderson320@gmail.com
S10023,Matthew Taylor,matthew.taylor390@gmail.com
S10024,Linda Jackson,linda.jackson836@gmail.com
S10025,David Davis,david.davis104@gmail.com
S10026,John Jones,john.jones247@gmail.com
S10027,Charles Davis,charles.davis459@gmail.com
S10028,Lisa Martin,lisa.martin677@gmail.com
S10029,Patricia Johnson,patricia.johnson921@gmail.com
S10030,Betty Jackson,betty.jackson275@gmail.com
S10031,Robert Martin,robert.martin498@gmail.com
S10032,Linda Martinez,linda.martinez211@gmail.com
S10033,William Rodriguez,william.rodriguez803@gmail.com
S10034,Lisa Martinez,lisa.martinez462@gmail.com
S10035,Joseph Hernandez,joseph.hernandez257@gmail.com
S10036,Matthew Martinez,matthew.martinez479@gmail.com
S10037,Jennifer Lopez,jennifer.lopez43@gmail.com
S10038,Joseph Miller,joseph.miller342@gmail.com
S10039,Richard Martin,richard.martin686@gmail.com
S10040,Anthony Anderson,anthony.anderson95@gmail.com
S10041,Christopher Davis,christopher.davis928@gmail.com
S10042,Matthew Hernandez,matthew.hernandez146@gmail.com
S10043,William Smith,william.smith96@gmail.com
S10044,Linda Williams,linda.williams135@gmail.com
S10045,Karen Jones,karen.jones68@gmail.com
S10046,Barbara Martinez,barbara.martinez439@gmail.com
S10047,Patricia Anderson,patricia.anderson247@gmail.com
S10048,Mark Hernandez,mark.hernandez69@gmail.com
S10049,Mark Williams,mark.williams727@gmail.com
S10050,Anthony Taylor,anthony.taylor44@gmail.com
S10051,Thomas Lopez,thomas.lopez273@gmail.com
S10052,Sarah Garcia,sarah.garcia292@gmail.com
S10053,Linda Brown,linda.brown646@gmail.com
S10054,Michael Moore,michael.moore146@gmail.com
S10055,David Anderson,david.anderson786@gmail.com
S10056,Daniel Anderson,daniel.anderson800@gmail.com
S10057,Richard Hernandez,richard.hernandez11@gmail.com
S10058,Mark Hernandez,mark.hernandez830@gmail.com
S10059,John Jones,john.jones519@gmail.com
S10060,Lisa Anderson,lisa.anderson502@gmail.com
S10061,Susan Hernandez,susan.hernandez746@gmail.com
S10062,Christopher Johnson,christopher.johnson992@gmail.com
S10063,Michael Williams,michael.williams175@gmail.com
S10064,Linda Smith,linda.smith656@gmail.com
S10065,Daniel Martin,daniel.martin827@gmail.com
S10066,Mary Davis,mary.davis319@gmail.com
S10067,Susan Davis,susan.davis72@gmail.com
S10068,Joseph Martinez,joseph.martinez483@gmail.com
S10069,Jennifer Thomas,jennifer.thomas678@gmail.com
S10070,Anthony Martinez,anthony.martinez753@gmail.com
S10071,Linda Gonzalez,linda.gonzalez368@gmail.com
S10072,Margaret Rodriguez,margaret.rodriguez442@gmail.com
S10073,Sarah Martin,sarah.martin607@gmail.com
S10074,Patricia Davis,patricia.davis779@gmail.com
S10075,Jessica Lopez,jessica.lopez624@gmail.com
S10076,Lisa Smith,lisa.smith788@gmail.com
S10077,Mary Martin,mary.martin162@gmail.com
S10078,Barbara Smith,barbara.smith714@gmail.com
S10079,Daniel Anderson,daniel.anderson985@gmail.com
S10080,Betty Davis,betty.davis919@gmail.com
S10081,Linda Taylor,linda.taylor479@gmail.com
S10082,Joseph Thomas,joseph.thomas426@gmail.com
S10083,Mark Anderson,mark.anderson253@gmail.com
S10084,William Rodriguez,william.rodriguez450@gmail.com
S10085,Susan Jones,susan.jones191@gmail.com
S10086,Christopher Lopez,christopher.lopez983@gmail.com
S10087,Jessica Taylor,jessica.taylor161@gmail.com
S10088,Daniel Lopez,daniel.lopez580@gmail.com
S10089,Michael Martin,michael.martin393@gmail.com
S10090,Matthew Hernandez,matthew.hernandez782@gmail.com
S10091,Karen Gonzalez,karen.gonzalez20@gmail.com
S10092,William Lopez,william.lopez572@gmail.com
S10093,Nancy Jones,nancy.jones400@gmail.com
S10094,Joseph Taylor,joseph.taylor809@gmail.com
S10095,Robert Smith,robert.smith839@gmail.com
S10096,Margaret Anderson,margaret.anderson455@gmail.com
S10097,Nancy Martinez,nancy.martinez396@gmail.com
S10098,Jessica Miller,jessica.miller741@gmail.com
S10099,William Williams,william.williams815@gmail.com
S10100,William Wilson,william.wilson949@gmail.com
S10101,John Johnson,john.johnson723@gmail.com
S10102,Mark Rodriguez,mark.rodriguez239@gmail.com
S10103,Joseph Davis,joseph.davis168@gmail.com
S10104,Richard Brown,richard.brown58@gmail.com
S10105,Barbara Johnson,barbara.johnson554@gmail.com
S10106,Joseph Miller,joseph.miller571@gmail.com
S10107,Sandra Hernandez,sandra.hernandez873@gmail.com
S10108,Susan Jones,susan.jones288@gmail.com
S10109,Joseph Johnson,joseph.johnson954@gmail.com
S10110,Thomas Davis,thomas.davis246@gmail.com
S10111,Christopher Garcia,christopher.garcia127@gmail.com
S10112,Anthony Brown,anthony.brown20@gmail.com
S10113,Susan Jackson,susan.jackson419@gmail.com
S10114,Charles Jones,charles.jones872@gmail.com
S10115,Patricia Brown,patricia.brown416@gmail.com
S10116,Sarah Rodriguez,sarah.rodriguez909@gmail.com
S10117,Charles Garcia,charles.garcia114@gmail.com
S10118,Daniel Gonzalez,daniel.gonzalez375@gmail.com
S10119,David Wilson,david.wilson354@gmail.com
S10120,Barbara Miller,barbara.miller548@gmail.com
S10121,Matthew Davis,matthew.davis822@gmail.com
S10122,Joseph Wilson,joseph.wilson423@gmail.com
S10123,Mary Anderson,mary.anderson92@gmail.com
S10124,Sarah Johnson,sarah.johnson166@gmail.com
S10125,Linda Johnson,linda.johnson594@gmail.com
S10126,Susan Davis,susan.davis950@gmail.com
S10127,Lisa Smith,lisa.smith925@gmail.com
S10128,Elizabeth Rodriguez,elizabeth.rodriguez831@gmail.com
S10129,Robert Miller,robert.miller644@gmail.com
S10130,Nancy Hernandez,nancy.hernandez781@gmail.com
S10131,Joseph Garcia,joseph.garcia105@gmail.com
S10132,Sandra Garcia,sandra.garcia710@gmail.com
S10133,Lisa Smith,lisa.smith565@gmail.com
S10134,Lisa Garcia,lisa.garcia744@gmail.com
S10135,Sandra Anderson,sandra.anderson241@gmail.com
S10136,Daniel Thomas,daniel.thomas830@gmail.com
S10137,Margaret Martin,margaret.martin717@gmail.com
S10138,James Garcia,james.garcia574@gmail.com
S10139,Patricia Taylor,patricia.taylor813@gmail.com
S10140,Linda Rodriguez,linda.rodriguez675@gmail.com
S10141,Robert Taylor,robert.taylor647@gmail.com
S10142,Karen Thomas,karen.thomas956@gmail.com
S10143,Mark Thomas,mark.thomas490@gmail.com
S10144,Michael Brown,michael.brown987@gmail.com
S10145,William Miller,william.miller422@gmail.com
S10146,Jessica Taylor,jessica.taylor267@gmail.com
S10147,Charles Rodriguez,charles.rodriguez542@gmail.com
S10148,William Martin,william.martin725@gmail.com
S10149,Richard Williams,richard.williams582@gmail.com
S10150,Margaret Anderson,margaret.anderson257@gmail.com
S10151,William Brown,william.brown623@gmail.com
S10152,Michael Rodriguez,michael.rodriguez287@gmail.com
S10153,Robert Anderson,robert.anderson58@gmail.com
S10154,Jessica Smith,jessica.smith202@gmail.com
S10155,Jennifer Moore,jennifer.moore394@gmail.com
S10156,Sandra Martin,sandra.martin364@gmail.com
S10157,Charles Hernandez,charles.hernandez329@gmail.com
S10158,Betty Thomas,betty.thomas834@gmail.com
S10159,Jennifer Moore,jennifer.moore690@gmail.com
S10160,James Miller,james.miller43@gmail.com
S10161,Michael Gonzalez,michael.gonzalez243@gmail.com
S10162,James Thomas,james.thomas969@gmail.com
S10163,James Johnson,james.johnson89@gmail.com
S10164,Jessica Thomas,jessica.thomas678@gmail.com
S10165,Mary Lopez,mary.lopez453@gmail.com
S10166,Jennifer Gonzalez,jennifer.gonzalez824@gmail.com
S10167,Thomas Thomas,thomas.thomas894@gmail.com
S10168,Sandra Martin,sandra.martin735@gmail.com
S10169,Charles Smith,charles.smith112@gmail.com
S10170,Linda Jones,linda.jones459@gmail.com
S10171,Robert Hernandez,robert.hernandez613@gmail.com
S10172,Mary Brown,mary.brown500@gmail.com
S10173,Linda Davis,linda.davis229@gmail.com
S10174,Jessica Martin,jessica.martin453@gmail.com
S10175,Sandra Martin,sandra.martin56@gmail.com
S10176,Mary Garcia,mary.garcia320@gmail.com
S10177,Sarah Lopez,sarah.lopez679@gmail.com
S10178,Matthew Moore,matthew.moore277@gmail.com
S10179,Margaret Martin,margaret.martin13@gmail.com
S10180,John Johnson,john.johnson284@gmail.com
S10181,Richard Miller,richard.miller807@gmail.com
S10182,Lisa Smith,lisa.smith305@gmail.com
S10183,Anthony Martinez,anthony.martinez126@gmail.com
S10184,Jennifer Miller,jennifer.miller325@gmail.com
S10185,Richard Lopez,richard.lopez705@gmail.com
S10186,Michael Smith,michael.smith690@gmail.com
S10187,Betty Williams,betty.williams198@gmail.com
S10188,John Martinez,john.martinez32@gmail.com
S10189,Anthony Johnson,anthony.johnson450@gmail.com
S10190,Anthony Lopez,anthony.lopez836@gmail.com
S10191,Sarah Gonzalez,sarah.gonzalez691@gmail.com
S10192,Lisa Brown,lisa.brown173@gmail.com
S10193,Jennifer Wilson,jennifer.wilson164@gmail.com
S10194,Patricia Williams,patricia.williams238@gmail.com
S10195,Christopher Anderson,christopher.anderson817@gmail.com
S10196,John Smith,john.smith317@gmail.com
S10197,Sarah Anderson,sarah.anderson189@gmail.com
S10198,Susan Taylor,susan.taylor720@gmail.com
S10199,Lisa Garcia,lisa.garcia896@gmail.com
S10200,Richard Moore,richard.moore430@gmail.com
S10201,Patricia Jones,patricia.jones347@gmail.com
S10202,Elizabeth Johnson,elizabeth.johnson787@gmail.com
S10203,Lisa Moore,lisa.moore855@gmail.com
S10204,Matthew Smith,matthew.smith338@gmail.com
S10205,Christopher Gonzalez,christopher.gonzalez79@gmail.com
S10206,Mark Davis,mark.davis837@gmail.com
S10207,Patricia Davis,patricia.davis481@gmail.com
S10208,Robert Martinez,robert.martinez466@gmail.com
S10209,Linda Johnson,linda.johnson149@gmail.com
S10210,Thomas Taylor,thomas.taylor684@gmail.com
S10211,Richard Brown,richard.brown291@gmail.com
S10212,Margaret Gonzalez,margaret.gonzalez127@gmail.com
S10213,Nancy Smith,nancy.smith551@gmail.com
S10214,Jessica Hernandez,jessica.hernandez594@gmail.com
S10215,Patricia Martinez,patricia.martinez386@gmail.com
S10216,Thomas Moore,thomas.moore568@gmail.com
S10217,Nancy Davis,nancy.davis695@gmail.com
S10218,Mark Davis,mark.davis188@gmail.com
S10219,Joseph Gonzalez,joseph.gonzalez205@gmail.com
S10220,Margaret Jackson,margaret.jackson329@gmail.com
S10221,Matthew Rodriguez,matthew.rodriguez124@gmail.com
S10222,James Martinez,james.martinez674@gmail.com
S10223,Susan Anderson,susan.anderson360@gmail.com
S10224,John Davis,john.davis673@gmail.com
S10225,Linda Taylor,linda.taylor708@gmail.com
S10226,Robert Jackson,robert.jackson198@gmail.com
S10227,Daniel Thomas,daniel.thomas308@gmail.com
S10228,William Miller,william.miller901@gmail.com
S10229,Nancy Davis,nancy.davis860@gmail.com
S10230,Charles Davis,charles.davis910@gmail.com
S10231,Richard Miller,richard.miller423@gmail.com
S10232,Matthew Martin,matthew.martin681@gmail.com
S10233,Karen Lopez,karen.lopez395@gmail.com
S10234,Margaret Moore,margaret.moore23@gmail.com
S10235,Jennifer Gonzalez,jennifer.gonzalez551@gmail.com
S10236,John Williams,john.williams270@gmail.com
S10237,Barbara Smith,barbara.smith781@gmail.com
S10238,Richard Hernandez,richard.hernandez711@gmail.com
S10239,Jennifer Smith,jennifer.smith356@gmail.com
S10240,Thomas Martinez,thomas.martinez607@gmail.com
S10241,Daniel Martin,daniel.martin809@gmail.com
S10242,Sarah Taylor,sarah.taylor389@gmail.com
S10243,John Jackson,john.jackson572@gmail.com
S10244,Michael Anderson,michael.anderson276@gmail.com
S10245,Sandra Jones,sandra.jones513@gmail.com
S10246,David Martinez,david.martinez989@gmail.com
S10247,Karen Johnson,karen.johnson461@gmail.com
S10248,Betty Smith,betty.smith234@gmail.com
S10249,David Taylor,david.taylor421@gmail.com
S10250,Daniel Jackson,daniel.jackson122@gmail.com
S10251,Matthew Gonzalez,matthew.gonzalez34@gmail.com
S10252,John Brown,john.brown387@gmail.com
S10253,Richard Smith,richard.smith915@gmail.com
S10254,Linda Moore,linda.moore708@gmail.com
S10255,Linda Garcia,linda.garcia392@gmail.com
S10256,David Jones,david.jones466@gmail.com
S10257,Matthew Williams,matthew.williams24@gmail.com
S10258,Jennifer Wilson,jennifer.wilson827@gmail.com
S10259,Mary Johnson,mary.johnson371@gmail.com
S10260,Susan Johnson,susan.johnson445@gmail.com
S10261,Christopher Rodriguez,christopher.rodriguez847@gmail.com
S10262,William Lopez,william.lopez896@gmail.com
S10263,Matthew Martinez,matthew.martinez832@gmail.com
S10264,Betty Garcia,betty.garcia23@gmail.com
S10265,Sandra Williams,sandra.williams628@gmail.com
S10266,Matthew Taylor,matthew.taylor911@gmail.com
S10267,John Anderson,john.anderson257@gmail.com
S10268,Lisa Davis,lisa.davis768@gmail.com
S10269,Jennifer Lopez,jennifer.lopez514@gmail.com
S10270,Karen Davis,karen.davis152@gmail.com
S10271,Robert Martinez,robert.martinez649@gmail.com
S10272,Charles Hernandez,charles.hernandez288@gmail.com
S10273,Mary Moore,mary.moore342@gmail.com
S10274,John Hernandez,john.hernandez411@gmail.com
S10275,Jennifer Gonzalez,jennifer.gonzalez336@gmail.com
S10276,Linda Wilson,linda.wilson322@gmail.com
S10277,Betty Taylor,betty.taylor123@gmail.com
S10278,Linda Wilson,linda.wilson232@gmail.com
S10279,Barbara Rodriguez,barbara.rodriguez526@gmail.com
S10280,John Anderson,john.anderson363@gmail.com
S10281,Jennifer Martinez,jennifer.martinez835@gmail.com
S10282,Matthew Davis,matthew.davis416@gmail.com
S10283,Nancy Wilson,nancy.wilson492@gmail.com
S10284,Sarah Rodriguez,sarah.rodriguez440@gmail.com
S10285,Nancy Williams,nancy.williams214@gmail.com
S10286,William Wilson,william.wilson575@gmail.com
S10287,Jessica Hernandez,jessica.hernandez43@gmail.com
S10288,Richard Wilson,richard.wilson710@gmail.com
S10289,Thomas Taylor,thomas.taylor185@gmail.com
S10290,David Miller,david.miller425@gmail.com
S10291,Jennifer Thomas,jennifer.thomas555@gmail.com
S10292,Margaret Davis,margaret.davis52@gmail.com
S10293,William Thomas,william.thomas139@gmail.com
S10294,David Jackson,david.jackson330@gmail.com
S10295,Daniel Johnson,daniel.johnson858@gmail.com
S10296,Jessica Gonzalez,jessica.gonzalez291@gmail.com
S10297,Charles Rodriguez,charles.rodriguez395@gmail.com
S10298,Jessica Martin,jessica.martin571@gmail.com
S10299,Jessica Martin,jessica.martin976@gmail.com
S10300,Lisa Rodriguez,lisa.rodriguez930@gmail.com
S10301,Christopher Smith,christopher.smith207@gmail.com
S10302,David Gonzalez,david.gonzalez140@gmail.com
S10303,Susan Gonzalez,susan.gonzalez83@gmail.com
S10304,Charles Williams,charles.williams425@gmail.com
S10305,Charles Anderson,charles.anderson636@gmail.com
S10306,James Johnson,james.johnson868@gmail.com
S10307,John Jackson,john.jackson290@gmail.com
S10308,Karen Martinez,karen.martinez310@gmail.com
S10309,William Garcia,william.garcia636@gmail.com
S10310,Michael Jones,michael.jones904@gmail.com
S10311,William Williams,william.williams481@gmail.com
S10312,Lisa Rodriguez,lisa.rodriguez26@gmail.com
S10313,Lisa Davis,lisa.davis913@gmail.com
S10314,Elizabeth Wilson,elizabeth.wilson145@gmail.com
S10315,John Gonzalez,john.gonzalez46@gmail.com
S10316,Sandra Anderson,sandra.anderson83@gmail.com
S10317,Sarah Martin,sarah.martin95@gmail.com
S10318,Sandra Moore,sandra.moore207@gmail.com
S10319,Betty Garcia,betty.garcia246@gmail.com
S10320,Jessica Brown,jessica.brown104@gmail.com
S10321,Mark Jones,mark.jones698@gmail.com
S10322,Mary Lopez,mary.lopez732@gmail.com
S10323,Daniel Anderson,daniel.anderson657@gmail.com
S10324,Margaret Jackson,margaret.jackson312@gmail.com
S10325,Karen Johnson,karen.johnson953@gmail.com
S10326,Jessica Martin,jessica.martin159@gmail.com
S10327,William Brown,william.brown268@gmail.com
S10328,Thomas Jones,thomas.jones787@gmail.com
S10329,Linda Hernandez,linda.hernandez453@gmail.com
S10330,Margaret Rodriguez,margaret.rodriguez603@gmail.com
S10331,Mary Wilson,mary.wilson362@gmail.com
S10332,Barbara Moore,barbara.moore919@gmail.com
S10333,Christopher Jones,christopher.jones531@gmail.com
S10334,John Moore,john.moore918@gmail.com
S10335,Michael Smith,michael.smith504@gmail.com
S10336,Charles Anderson,charles.anderson25@gmail.com
S10337,Anthony Brown,anthony.brown918@gmail.com
S10338,Jennifer Davis,jennifer.davis167@gmail.com
S10339,Betty Garcia,betty.garcia181@gmail.com
S10340,Michael Lopez,michael.lopez990@gmail.com
S10341,Margaret Davis,margaret.davis544@gmail.com
S10342,William Wilson,william.wilson826@gmail.com
S10343,Sarah Lopez,sarah.lopez174@gmail.com
S10344,Nancy Johnson,nancy.johnson17@gmail.com
S10345,Barbara Johnson,barbara.johnson226@gmail.com
S10346,Betty Brown,betty.brown620@gmail.com
S10347,Jessica Martinez,jessica.martinez551@gmail.com
S10348,Patricia Martin,patricia.martin121@gmail.com
S10349,Karen Martin,karen.martin293@gmail.com
S10350,Elizabeth Thomas,elizabeth.thomas832@gmail.com
S10351,Patricia Moore,patricia.moore402@gmail.com
S10352,Karen Anderson,karen.anderson116@gmail.com
S10353,William Wilson,william.wilson666@gmail.com
S10354,Anthony Williams,anthony.williams239@gmail.com
S10355,Charles Lopez,charles.lopez305@gmail.com
S10356,Richard Thomas,richard.thomas637@gmail.com
S10357,Thomas Williams,thomas.williams219@gmail.com
S10358,Elizabeth Rodriguez,elizabeth.rodriguez282@gmail.com
S10359,Lisa Garcia,lisa.garcia439@gmail.com
S10360,Linda Hernandez,linda.hernandez798@gmail.com
S10361,Charles Rodriguez,charles.rodriguez505@gmail.com
S10362,Robert Rodriguez,robert.rodriguez117@gmail.com
S10363,Anthony Johnson,anthony.johnson41@gmail.com
S10364,Daniel Lopez,daniel.lopez304@gmail.com
S10365,Daniel Jones,daniel.jones395@gmail.com
S10366,Jennifer Brown,jennifer.brown254@gmail.com
S10367,Daniel Brown,daniel.brown877@gmail.com
S10368,Mark Thomas,mark.thomas676@gmail.com
S10369,Mary Smith,mary.smith924@gmail.com
S10370,Thomas Anderson,thomas.anderson192@gmail.com
S10371,William Garcia,william.garcia907@gmail.com
S10372,Susan Williams,susan.williams489@gmail.com
S10373,Jennifer Davis,jennifer.davis666@gmail.com
S10374,Daniel Jackson,daniel.jackson184@gmail.com
S10375,Patricia Martinez,patricia.martinez216@gmail.com
S10376,Patricia Taylor,patricia.taylor548@gmail.com
S10377,Joseph Wilson,joseph.wilson901@gmail.com
S10378,Sarah Taylor,sarah.taylor62@gmail.com
S10379,Jessica Johnson,jessica.johnson890@gmail.com
S10380,Christopher Wilson,christopher.wilson819@gmail.com
S10381,Patricia Anderson,patricia.anderson464@gmail.com
S10382,Christopher Martinez,christopher.martinez817@gmail.com
S10383,Elizabeth Anderson,elizabeth.anderson821@gmail.com
S10384,David Taylor,david.taylor910@gmail.com
S10385,William Jones,william.jones11@gmail.com
S10386,Jennifer Davis,jennifer.davis593@gmail.com
S10387,Matthew Johnson,matthew.johnson559@gmail.com
S10388,Mark Moore,mark.moore137@gmail.com
S10389,Robert Smith,robert.smith904@gmail.com
S10390,Mark Gonzalez,mark.gonzalez785@gmail.com
S10391,Daniel Moore,daniel.moore696@gmail.com
S10392,Charles Garcia,charles.garcia430@gmail.com
S10393,Betty Anderson,betty.anderson17@gmail.com
S10394,Margaret Hernandez,margaret.hernandez286@gmail.com
S10395,Margaret Martinez,margaret.martinez67@gmail.com
S10396,David Garcia,david.garcia931@gmail.com
S10397,Susan Smith,susan.smith313@gmail.com
S10398,James Anderson,james.anderson239@gmail.com
S10399,Susan Lopez,susan.lopez238@gmail.com
S10400,Patricia Anderson,patricia.anderson625@gmail.com
S10401,Richard Jackson,richard.jackson413@gmail.com
S10402,Betty Lopez,betty.lopez210@gmail.com
S10403,Joseph Smith,joseph.smith417@gmail.com
S10404,Christopher Garcia,christopher.garcia622@gmail.com
S10405,James Jackson,james.jackson144@gmail.com
S10406,Nancy Anderson,nancy.anderson168@gmail.com
S10407,Michael Smith,michael.smith975@gmail.com
S10408,Susan Hernandez,susan.hernandez538@gmail.com
S10409,Barbara Davis,barbara.davis313@gmail.com
S10410,Elizabeth Wilson,elizabeth.wilson410@gmail.com
S10411,Nancy Anderson,nancy.anderson703@gmail.com
S10412,John Martin,john.martin29@gmail.com
S10413,Barbara Miller,barbara.miller657@gmail.com
S10414,Mary Smith,mary.smith454@gmail.com
S10415,Sarah Smith,sarah.smith402@gmail.com
S10416,Daniel Garcia,daniel.garcia297@gmail.com
S10417,David Rodriguez,david.rodriguez899@gmail.com
S10418,Betty Davis,betty.davis226@gmail.com
S10419,Margaret Johnson,margaret.johnson670@gmail.com
S10420,Barbara Miller,barbara.miller975@gmail.com
S10421,Robert Lopez,robert.lopez108@gmail.com
S10422,Michael Jones,michael.jones430@gmail.com
S10423,Matthew Anderson,matthew.anderson778@gmail.com
S10424,Elizabeth Johnson,elizabeth.johnson407@gmail.com
S10425,Mark Martinez,mark.martinez124@gmail.com
S10426,Betty Smith,betty.smith333@gmail.com
S10427,William Davis,william.davis877@gmail.com
S10428,Linda Johnson,linda.johnson111@gmail.com
S10429,Jennifer Davis,jennifer.davis815@gmail.com
S10430,Susan Garcia,susan.garcia513@gmail.com
S10431,Michael Jackson,michael.jackson236@gmail.com
S10432,Nancy Moore,nancy.moore709@gmail.com
S10433,Elizabeth Jackson,elizabeth.jackson501@gmail.com
S10434,William Johnson,william.johnson498@gmail.com
S10435,Anthony Anderson,anthony.anderson681@gmail.com
S10436,Joseph Miller,joseph.miller76@gmail.com
S10437,William Martin,william.martin819@gmail.com
S10438,James Smith,james.smith671@gmail.com
S10439,Betty Thomas,betty.thomas816@gmail.com
S10440,Robert Miller,robert.miller340@gmail.com
S10441,Daniel Gonzalez,daniel.gonzalez684@gmail.com
S10442,Barbara Moore,barbara.moore322@gmail.com
S10443,Thomas Rodriguez,thomas.rodriguez84@gmail.com
S10444,Michael Martin,michael.martin748@gmail.com
S10445,Mark Jones,mark.jones605@gmail.com
S10446,Nancy Thomas,nancy.thomas312@gmail.com
S10447,Sarah Taylor,sarah.taylor67@gmail.com
S10448,Susan Thomas,susan.thomas583@gmail.com
S10449,Nancy Miller,nancy.miller975@gmail.com
S10450,Michael Miller,michael.miller635@gmail.com
S10451,Barbara Martinez,barbara.martinez933@gmail.com
S10452,Christopher Taylor,christopher.taylor134@gmail.com
S10453,Anthony Lopez,anthony.lopez807@gmail.com
S10454,John Wilson,john.wilson840@gmail.com
S10455,Matthew Gonzalez,matthew.gonzalez151@gmail.com
S10456,Patricia Martinez,patricia.martinez332@gmail.com
S10457,Barbara Moore,barbara.moore575@gmail.com
S10458,Patricia Hernandez,patricia.hernandez31@gmail.com
S10459,Nancy Moore,nancy.moore716@gmail.com
S10460,Anthony Martinez,anthony.martinez818@gmail.com
S10461,Lisa Wilson,lisa.wilson24@gmail.com
S10462,Patricia Rodriguez,patricia.rodriguez575@gmail.com
S10463,Linda Rodriguez,linda.rodriguez973@gmail.com
S10464,Sarah Rodriguez,sarah.rodriguez521@gmail.com
S10465,Susan Taylor,susan.taylor319@gmail.com
S10466,William Miller,william.miller91@gmail.com
S10467,John Anderson,john.anderson912@gmail.com
S10468,Lisa Wilson,lisa.wilson282@gmail.com
S10469,Mary Wilson,mary.wilson245@gmail.com
S10470,Betty Hernandez,betty.hernandez703@gmail.com
S10471,Jennifer Thomas,jennifer.thomas57@gmail.com
S10472,David Moore,david.moore799@gmail.com
S10473,David Gonzalez,david.gonzalez309@gmail.com
S10474,Barbara Johnson,barbara.johnson986@gmail.com
S10475,James Hernandez,james.hernandez625@gmail.com
S10476,John Brown,john.brown903@gmail.com
S10477,Anthony Jones,anthony.jones945@gmail.com
S10478,Karen Lopez,karen.lopez302@gmail.com
S10479,Daniel Rodriguez,daniel.rodriguez215@gmail.com
S10480,Karen Thomas,karen.thomas596@gmail.com
S10481,Linda Jackson,linda.jackson694@gmail.com
S10482,Barbara Wilson,barbara.wilson343@gmail.com
S10483,Linda Johnson,linda.johnson98@gmail.com
S10484,Mark Miller,mark.miller980@gmail.com
S10485,Mark Wilson,mark.wilson333@gmail.com
S10486,Thomas Jackson,thomas.jackson801@gmail.com
S10487,William Moore,william.moore546@gmail.com
S10488,Susan Johnson,susan.johnson694@gmail.com
S10489,Jessica Anderson,jessica.anderson540@gmail.com
S10490,Barbara Jones,barbara.jones208@gmail.com
S10491,Michael Williams,michael.williams501@gmail.com
S10492,Margaret Johnson,margaret.johnson508@gmail.com
S10493,James Wilson,james.wilson10@gmail.com
S10494,Mary Davis,mary.davis48@gmail.com
S10495,Lisa Garcia,lisa.garcia461@gmail.com
S10496,Mark Davis,mark.davis447@gmail.com
S10497,Richard Gonzalez,richard.gonzalez33@gmail.com
S10498,Mary Rodriguez,mary.rodriguez103@gmail.com
S10499,Joseph Lopez,joseph.lopez529@gmail.com
S10500,Karen Jackson,karen.jackson593@gmail.com
S10501,Jessica Thomas,jessica.thomas495@gmail.com
S10502,Christopher Taylor,christopher.taylor583@gmail.com
S10503,Mary Brown,mary.brown796@gmail.com
S10504,Richard Martinez,richard.martinez14@gmail.com
S10505,Richard Rodriguez,richard.rodriguez891@gmail.com
S10506,Michael Garcia,michael.garcia592@gmail.com
S10507,Lisa Garcia,lisa.garcia308@gmail.com
S10508,Sarah Thomas,sarah.thomas960@gmail.com
S10509,Mary Moore,mary.moore613@gmail.com
S10510,Jennifer Smith,jennifer.smith785@gmail.com
S10511,Mary Williams,mary.williams466@gmail.com
S10512,William Taylor,william.taylor993@gmail.com
S10513,Patricia Miller,patricia.miller683@gmail.com
S10514,Richard Martin,richard.martin938@gmail.com
S10515,Sarah Lopez,sarah.lopez317@gmail.com
S10516,Patricia Taylor,patricia.taylor519@gmail.com
S10517,Susan Jones,susan.jones16@gmail.com
S10518,Anthony Hernandez,anthony.hernandez159@gmail.com
S10519,Margaret Smith,margaret.smith170@gmail.com
S10520,Michael Brown,michael.brown996@gmail.com
S10521,Lisa Lopez,lisa.lopez978@gmail.com
S10522,David Wilson,david.wilson468@gmail.com
S10523,Mark Lopez,mark.lopez770@gmail.com
S10524,Sarah Smith,sarah.smith82@gmail.com
S10525,Richard Williams,richard.williams84@gmail.com
S10526,Joseph Brown,joseph.brown250@gmail.com
S10527,Linda Smith,linda.smith31@gmail.com
S10528,Mark Gonzalez,mark.gonzalez921@gmail.com
S10529,Margaret Martinez,margaret.martinez220@gmail.com
S10530,Susan Anderson,susan.anderson310@gmail.com
S10531,Sarah Gonzalez,sarah.gonzalez707@gmail.com
S10532,Charles Thomas,charles.thomas84@gmail.com
S10533,John Hernandez,john.hernandez57@gmail.com
S10534,Anthony Rodriguez,anthony.rodriguez596@gmail.com
S10535,Jessica Thomas,jessica.thomas379@gmail.com
S10536,Karen Hernandez,karen.hernandez193@gmail.com
S10537,William Martinez,william.martinez420@gmail.com
S10538,Linda Anderson,linda.anderson613@gmail.com
S10539,Margaret Martin,margaret.martin833@gmail.com
S10540,John Gonzalez,john.gonzalez666@gmail.com
S10541,Joseph Davis,joseph.davis844@gmail.com
S10542,Susan Thomas,susan.thomas637@gmail.com
S10543,Linda Wilson,linda.wilson990@gmail.com
S10544,Susan Hernandez,susan.hernandez108@gmail.com
S10545,Michael Davis,michael.davis506@gmail.com
S10546,Elizabeth Taylor,elizabeth.taylor928@gmail.com
S10547,Christopher Martin,christopher.martin833@gmail.com
S10548,Jessica Taylor,jessica.taylor247@gmail.com
S10549,Elizabeth Davis,elizabeth.davis161@gmail.com
S10550,Sarah Lopez,sarah.lopez633@gmail.com
S10501,William Gonzalez,william.gonzalez583@gmail.com
S10502,Elizabeth Taylor,elizabeth.taylor425@gmail.com
S10503,Margaret Anderson,margaret.anderson968@gmail.com
S10504,Richard Miller,richard.miller524@gmail.com
S10505,Robert Johnson,robert.johnson920@gmail.com
S10506,Nancy Jackson,nancy.jackson486@gmail.com
S10507,Margaret Davis,margaret.davis356@gmail.com
S10508,William Taylor,william.taylor854@gmail.com
S10509,James Wilson,james.wilson499@gmail.com
S10510,Charles Wilson,charles.wilson294@gmail.com
S10511,Linda Anderson,linda.anderson491@gmail.com
S10512,Patricia Moore,patricia.moore793@gmail.com
S10513,Christopher Miller,christopher.miller16@gmail.com
S10514,Nancy Wilson,nancy.wilson311@gmail.com
S10515,David Davis,david.davis992@gmail.com
S10516,Patricia Hernandez,patricia.hernandez960@gmail.com
S10517,Nancy Brown,nancy.brown94@gmail.com
S10518,James Martinez,james.martinez688@gmail.com
S10519,Mark Garcia,mark.garcia170@gmail.com
S10520,Jessica Rodriguez,jessica.rodriguez792@gmail.com
S10521,Richard Hernandez,richard.hernandez340@gmail.com
S10522,Sandra Thomas,sandra.thomas886@gmail.com
S10523,Christopher Davis,christopher.davis731@gmail.com
S10524,John Johnson,john.johnson421@gmail.com
S10525,Joseph Jackson,joseph.jackson267@gmail.com
S10526,Patricia Davis,patricia.davis16@gmail.com
S10527,William Thomas,william.thomas967@gmail.com
S10528,Jennifer Brown,jennifer.brown127@gmail.com
S10529,Michael Taylor,michael.taylor45@gmail.com
S10530,Anthony Thomas,anthony.thomas536@gmail.com
S10531,Jennifer Miller,jennifer.miller221@gmail.com
S10532,Jessica Davis,jessica.davis562@gmail.com
S10533,Patricia Gonzalez,patricia.gonzalez757@gmail.com
S10534,Mary Lopez,mary.lopez192@gmail.com
S10535,Margaret Martin,margaret.martin754@gmail.com
S10536,Sarah Martin,sarah.martin556@gmail.com
S10537,Elizabeth Taylor,elizabeth.taylor597@gmail.com
S10538,Margaret Rodriguez,margaret.rodriguez368@gmail.com
S10539,Karen Miller,karen.miller303@gmail.com
S10540,Susan Lopez,susan.lopez311@gmail.com
S10541,Richard Davis,richard.davis361@gmail.com
S10542,Sarah Jones,sarah.jones311@gmail.com
S10543,Jessica Garcia,jessica.garcia948@gmail.com
S10544,Mary Jackson,mary.jackson679@gmail.com
S10545,Thomas Smith,thomas.smith341@gmail.com
S10546,Thomas Hernandez,thomas.hernandez453@gmail.com
S10547,Barbara Brown,barbara.brown454@gmail.com
S10548,Daniel Lopez,daniel.lopez632@gmail.com
S10549,Christopher Taylor,christopher.taylor266@gmail.com
S10550,Sandra Jones,sandra.jones497@gmail.com
S10551,Nancy Moore,nancy.moore36@gmail.com
S10552,Mark Brown,mark.brown52@gmail.com
S10553,Sandra Rodriguez,sandra.rodriguez263@gmail.com
S10554,Joseph Martinez,joseph.martinez551@gmail.com
S10555,Thomas Hernandez,thomas.hernandez275@gmail.com
S10556,John Jackson,john.jackson970@gmail.com
S10557,Margaret Thomas,margaret.thomas679@gmail.com
S10558,Jennifer Rodriguez,jennifer.rodriguez259@gmail.com
S10559,Daniel Jackson,daniel.jackson768@gmail.com
S10560,Barbara Garcia,barbara.garcia905@gmail.com
S10561,Matthew Smith,matthew.smith503@gmail.com
S10562,Anthony Taylor,anthony.taylor237@gmail.com
S10563,Linda Johnson,linda.johnson469@gmail.com
S10564,James Martinez,james.martinez782@gmail.com
S10565,William Lopez,william.lopez622@gmail.com
S10566,Susan Moore,susan.moore692@gmail.com
S10567,James Moore,james.moore467@gmail.com
S10568,Sarah Miller,sarah.miller384@gmail.com
S10569,Linda Lopez,linda.lopez632@gmail.com
S10570,Mark Wilson,mark.wilson862@gmail.com
S10571,Barbara Anderson,barbara.anderson678@gmail.com
S10572,Barbara Thomas,barbara.thomas894@gmail.com
S10573,Nancy Jackson,nancy.jackson542@gmail.com
S10574,Susan Garcia,susan.garcia770@gmail.com
S10575,Patricia Anderson,patricia.anderson374@gmail.com
S10576,Sandra Moore,sandra.moore964@gmail.com
S10577,Patricia Rodriguez,patricia.rodriguez234@gmail.com
S10578,John Lopez,john.lopez820@gmail.com
S10579,Sarah Smith,sarah.smith696@gmail.com
S10580,Margaret Wilson,margaret.wilson821@gmail.com
S10581,Lisa Anderson,lisa.anderson412@gmail.com
S10582,Barbara Jones,barbara.jones912@gmail.com
S10583,Jessica Gonzalez,jessica.gonzalez69@gmail.com
S10584,Sandra Williams,sandra.williams116@gmail.com
S10585,Sarah Martin,sarah.martin681@gmail.com
S10586,Sarah Jackson,sarah.jackson36@gmail.com
S10587,Robert Martinez,robert.martinez300@gmail.com
S10588,Joseph Moore,joseph.moore792@gmail.com
S10589,David Jackson,david.jackson272@gmail.com
S10590,Jennifer Gonzalez,jennifer.gonzalez324@gmail.com
S10591,Nancy Wilson,nancy.wilson586@gmail.com
S10592,Joseph Rodriguez,joseph.rodriguez614@gmail.com
S10593,Thomas Johnson,thomas.johnson372@gmail.com
S10594,Betty Taylor,betty.taylor706@gmail.com
S10595,Linda Jones,linda.jones879@gmail.com
S10596,Mark Jones,mark.jones95@gmail.com
S10597,David Brown,david.brown883@gmail.com
S10598,Margaret Gonzalez,margaret.gonzalez655@gmail.com
S10599,Matthew Brown,matthew.brown34@gmail.com
S10600,Karen Jackson,karen.jackson704@gmail.com
S10601,Linda Smith,linda.smith448@gmail.com
S10602,Michael Davis,michael.davis675@gmail.com
S10603,Mark Thomas,mark.thomas805@gmail.com
S10604,James Thomas,james.thomas295@gmail.com
S10605,Elizabeth Davis,elizabeth.davis209@gmail.com
S10606,Christopher Anderson,christopher.anderson953@gmail.com
S10607,Betty Johnson,betty.johnson318@gmail.com
S10608,Susan Jackson,susan.jackson934@gmail.com
S10609,Charles Moore,charles.moore511@gmail.com
S10610,Robert Martin,robert.martin473@gmail.com
S10611,Elizabeth Wilson,elizabeth.wilson471@gmail.com
S10612,Lisa Miller,lisa.miller366@gmail.com
S10613,Joseph Anderson,joseph.anderson178@gmail.com
S10614,Anthony Taylor,anthony.taylor165@gmail.com
S10615,Nancy Hernandez,nancy.hernandez633@gmail.com
S10616,Robert Gonzalez,robert.gonzalez165@gmail.com
S10617,Lisa Taylor,lisa.taylor532@gmail.com
S10618,Lisa Martin,lisa.martin315@gmail.com
S10619,Jennifer Martin,jennifer.martin955@gmail.com
S10620,Anthony Martinez,anthony.martinez596@gmail.com
S10621,Betty Taylor,betty.taylor968@gmail.com
S10622,David Jones,david.jones845@gmail.com
S10623,Anthony Taylor,anthony.taylor87@gmail.com
S10624,Jessica Wilson,jessica.wilson606@gmail.com
S10625,Barbara Miller,barbara.miller51@gmail.com
S10626,Joseph Jackson,joseph.jackson709@gmail.com
S10627,Robert Wilson,robert.wilson154@gmail.com
S10628,Christopher Taylor,christopher.taylor66@gmail.com
S10629,Betty Wilson,betty.wilson219@gmail.com
S10630,Mary Brown,mary.brown919@gmail.com
S10631,James Gonzalez,james.gonzalez237@gmail.com
S10632,Mark Wilson,mark.wilson850@gmail.com
S10633,Michael Brown,michael.brown820@gmail.com
S10634,Patricia Williams,patricia.williams778@gmail.com
S10635,Jessica Wilson,jessica.wilson850@gmail.com
S10636,Margaret Gonzalez,margaret.gonzalez140@gmail.com
S10637,Jennifer Gonzalez,jennifer.gonzalez299@gmail.com
S10638,Karen Hernandez,karen.hernandez245@gmail.com
S10639,Jennifer Garcia,jennifer.garcia798@gmail.com
S10640,John Taylor,john.taylor743@gmail.com
S10641,Thomas Thomas,thomas.thomas913@gmail.com
S10642,James Wilson,james.wilson798@gmail.com
S10643,Charles Gonzalez,charles.gonzalez925@gmail.com
S10644,Thomas Miller,thomas.miller600@gmail.com
S10645,Sarah Brown,sarah.brown965@gmail.com
S10646,Matthew Anderson,matthew.anderson329@gmail.com
S10647,Patricia Martinez,patricia.martinez852@gmail.com
S10648,Charles Jackson,charles.jackson353@gmail.com
S10649,Elizabeth Jackson,elizabeth.jackson435@gmail.com
S10650,Richard Wilson,richard.wilson85@gmail.com
S10651,Charles Williams,charles.williams274@gmail.com
S10652,William Johnson,william.johnson794@gmail.com
S10653,Charles Gonzalez,charles.gonzalez321@gmail.com
S10654,Margaret Miller,margaret.miller739@gmail.com
S10655,Daniel Moore,daniel.moore555@gmail.com
S10656,Karen Miller,karen.miller626@gmail.com
S10657,Mary Lopez,mary.lopez397@gmail.com
S10658,Richard Lopez,richard.lopez39@gmail.com
S10659,Karen Anderson,karen.anderson779@gmail.com
S10660,Christopher Martinez,christopher.martinez131@gmail.com
S10661,William Anderson,william.anderson121@gmail.com
S10662,David Gonzalez,david.gonzalez568@gmail.com
S10663,Jennifer Wilson,jennifer.wilson997@gmail.com
S10664,Barbara Jackson,barbara.jackson417@gmail.com
S10665,Elizabeth Taylor,elizabeth.taylor478@gmail.com
S10666,Elizabeth Jackson,elizabeth.jackson365@gmail.com
S10667,Lisa Martin,lisa.martin178@gmail.com
S10668,Sandra Thomas,sandra.thomas462@gmail.com
S10669,Joseph Smith,joseph.smith228@gmail.com
S10670,Elizabeth Thomas,elizabeth.thomas296@gmail.com
S10671,Mary Davis,mary.davis377@gmail.com
S10672,Mary Smith,mary.smith923@gmail.com
S10673,Linda Taylor,linda.taylor957@gmail.com
S10674,Daniel Jones,daniel.jones387@gmail.com
S10675,Daniel Miller,daniel.miller59@gmail.com
S10676,James Smith,james.smith445@gmail.com
S10677,Mark Jackson,mark.jackson185@gmail.com
S10678,Daniel Jones,daniel.jones932@gmail.com
S10679,Michael Brown,michael.brown147@gmail.com
S10680,Thomas Moore,thomas.moore693@gmail.com
S10681,Nancy Lopez,nancy.lopez737@gmail.com
S10682,Sandra Hernandez,sandra.hernandez484@gmail.com
S10683,Margaret Moore,margaret.moore772@gmail.com
S10684,Sarah Martin,sarah.martin602@gmail.com
S10685,Mary Williams,mary.williams251@gmail.com
S10686,Jennifer Jones,jennifer.jones404@gmail.com
S10687,Nancy Moore,nancy.moore339@gmail.com
S10688,Sarah Jackson,sarah.jackson55@gmail.com
S10689,Lisa Rodriguez,lisa.rodriguez163@gmail.com
S10690,James Anderson,james.anderson14@gmail.com
S10691,James Jackson,james.jackson591@gmail.com
S10692,Barbara Jackson,barbara.jackson922@gmail.com
S10693,James Martin,james.martin376@gmail.com
S10694,Elizabeth Johnson,elizabeth.johnson356@gmail.com
S10695,William Martin,william.martin735@gmail.com
S10696,Michael Brown,michael.brown140@gmail.com
S10697,Matthew Smith,matthew.smith788@gmail.com
S10698,Barbara Moore,barbara.moore46@gmail.com
S10699,Richard Davis,richard.davis716@gmail.com
S10700,Jennifer Hernandez,jennifer.hernandez956@gmail.com
S10701,Sarah Wilson,sarah.wilson776@gmail.com
S10702,Thomas Gonzalez,thomas.gonzalez900@gmail.com
S10703,Betty Miller,betty.miller497@gmail.com
S10704,Linda Jones,linda.jones682@gmail.com
S10705,John Jones,john.jones456@gmail.com
S10706,Jennifer Anderson,jennifer.anderson120@gmail.com
S10707,Elizabeth Moore,elizabeth.moore669@gmail.com
S10708,Jessica Rodriguez,jessica.rodriguez211@gmail.com
S10709,Sandra Hernandez,sandra.hernandez644@gmail.com
S10710,Nancy Miller,nancy.miller768@gmail.com
S10711,Nancy Davis,nancy.davis172@gmail.com
S10712,Daniel Jackson,daniel.jackson614@gmail.com
S10713,Barbara Jackson,barbara.jackson90@gmail.com
S10714,Joseph Rodriguez,joseph.rodriguez743@gmail.com
S10715,Richard Miller,richard.miller404@gmail.com
S10716,Joseph Smith,joseph.smith508@gmail.com
S10717,Sarah Rodriguez,sarah.rodriguez788@gmail.com
S10718,Lisa Gonzalez,lisa.gonzalez730@gmail.com
S10719,Daniel Davis,daniel.davis215@gmail.com
S10720,Anthony Taylor,anthony.taylor544@gmail.com
S10721,Sandra Gonzalez,sandra.gonzalez492@gmail.com
S10722,Susan Jones,susan.jones690@gmail.com
S10723,Elizabeth Jackson,elizabeth.jackson853@gmail.com
S10724,Elizabeth Thomas,elizabeth.thomas485@gmail.com
S10725,Nancy Rodriguez,nancy.rodriguez751@gmail.com
S10726,Mark Lopez,mark.lopez84@gmail.com
S10727,Linda Jackson,linda.jackson433@gmail.com
S10728,Patricia Gonzalez,patricia.gonzalez664@gmail.com
S10729,Margaret Martin,margaret.martin812@gmail.com
S10730,Nancy Johnson,nancy.johnson354@gmail.com
S10731,Robert Hernandez,robert.hernandez735@gmail.com
S10732,Sandra Moore,sandra.moore979@gmail.com
S10733,Betty Johnson,betty.johnson148@gmail.com
S10734,Linda Martinez,linda.martinez360@gmail.com
S10735,Matthew Rodriguez,matthew.rodriguez155@gmail.com
S10736,Nancy Wilson,nancy.wilson501@gmail.com
S10737,William Lopez,william.lopez402@gmail.com
S10738,James Thomas,james.thomas448@gmail.com
S10739,Anthony Taylor,anthony.taylor668@gmail.com
S10740,Thomas Davis,thomas.davis910@gmail.com
S10741,Patricia Johnson,patricia.johnson310@gmail.com
S10742,John Gonzalez,john.gonzalez976@gmail.com
S10743,Thomas Martinez,thomas.martinez638@gmail.com
S10744,Christopher Garcia,christopher.garcia279@gmail.com
S10745,Mark Thomas,mark.thomas79@gmail.com
S10746,Christopher Davis,christopher.davis12@gmail.com
S10747,Margaret Garcia,margaret.garcia840@gmail.com
S10748,Michael Wilson,michael.wilson540@gmail.com
S10749,Daniel Smith,daniel.smith135@gmail.com
S10750,Christopher Wilson,christopher.wilson974@gmail.com
S10751,Daniel Miller,daniel.miller61@gmail.com
S10752,Charles Brown,charles.brown508@gmail.com
S10753,Barbara Gonzalez,barbara.gonzalez139@gmail.com
S10754,Anthony Wilson,anthony.wilson71@gmail.com
S10755,Betty Gonzalez,betty.gonzalez681@gmail.com
S10756,Barbara Martinez,barbara.martinez271@gmail.com
S10757,Christopher Miller,christopher.miller297@gmail.com
S10758,Margaret Moore,margaret.moore563@gmail.com
S10759,Matthew Wilson,matthew.wilson548@gmail.com
S10760,Sandra Thomas,sandra.thomas133@gmail.com
S10761,Susan Hernandez,susan.hernandez597@gmail.com
S10762,Margaret Garcia,margaret.garcia687@gmail.com
S10763,Sarah Williams,sarah.williams906@gmail.com
S10764,Charles Moore,charles.moore138@gmail.com
S10765,Susan Jones,susan.jones932@gmail.com
S10766,Richard Martin,richard.martin487@gmail.com
S10767,Linda Gonzalez,linda.gonzalez279@gmail.com
S10768,Joseph Miller,joseph.miller973@gmail.com
S10769,Richard Wilson,richard.wilson709@gmail.com
S10770,Robert Gonzalez,robert.gonzalez677@gmail.com
S10771,Matthew Martinez,matthew.martinez385@gmail.com
S10772,Charles Gonzalez,charles.gonzalez356@gmail.com
S10773,Jessica Jones,jessica.jones869@gmail.com
S10774,Jennifer Brown,jennifer.brown127@gmail.com
S10775,Sandra Martin,sandra.martin786@gmail.com
S10776,Charles Lopez,charles.lopez433@gmail.com
S10777,Karen Brown,karen.brown601@gmail.com
S10778,David Martin,david.martin496@gmail.com
S10779,Patricia Wilson,patricia.wilson892@gmail.com
S10780,Matthew Johnson,matthew.johnson85@gmail.com
S10781,Charles Jackson,charles.jackson529@gmail.com
S10782,Anthony Johnson,anthony.johnson193@gmail.com
S10783,David Wilson,david.wilson357@gmail.com
S10784,Anthony Williams,anthony.williams298@gmail.com
S10785,Matthew Martinez,matthew.martinez64@gmail.com
S10786,Margaret Martinez,margaret.martinez924@gmail.com
S10787,Jennifer Johnson,jennifer.johnson840@gmail.com
S10788,Robert Miller,robert.miller261@gmail.com
S10789,Susan Miller,susan.miller969@gmail.com
S10790,Michael Moore,michael.moore922@gmail.com
S10791,Mark Martinez,mark.martinez633@gmail.com
S10792,Mary Smith,mary.smith808@gmail.com
S10793,David Davis,david.davis625@gmail.com
S10794,Lisa Moore,lisa.moore143@gmail.com
S10795,Charles Thomas,charles.thomas726@gmail.com
S10796,Thomas Davis,thomas.davis85@gmail.com
S10797,Matthew Smith,matthew.smith755@gmail.com
S10798,Jessica Davis,jessica.davis866@gmail.com
S10799,John Smith,john.smith440@gmail.com
S10800,Sandra Taylor,sandra.taylor925@gmail.com
S10801,Sarah Garcia,sarah.garcia63@gmail.com
S10802,Matthew Rodriguez,matthew.rodriguez250@gmail.com
S10803,Christopher Miller,christopher.miller477@gmail.com
S10804,Matthew Martinez,matthew.martinez137@gmail.com
S10805,Barbara Johnson,barbara.johnson124@gmail.com
S10806,James Davis,james.davis51@gmail.com
S10807,Mary Wilson,mary.wilson776@gmail.com
S10808,Anthony Moore,anthony.moore456@gmail.com
S10809,Michael Anderson,michael.anderson908@gmail.com
S10810,Mark Brown,mark.brown555@gmail.com
S10811,Mary Jackson,mary.jackson233@gmail.com
S10812,Matthew Smith,matthew.smith199@gmail.com
S10813,Richard Taylor,richard.taylor461@gmail.com
S10814,Susan Gonzalez,susan.gonzalez56@gmail.com
S10815,Anthony Johnson,anthony.johnson734@gmail.com
S10816,Matthew Anderson,matthew.anderson87@gmail.com
S10817,David Martin,david.martin886@gmail.com
S10818,Sarah Johnson,sarah.johnson515@gmail.com
S10819,Jessica Hernandez,jessica.hernandez941@gmail.com
S10820,Jessica Martin,jessica.martin186@gmail.com
S10821,Patricia Jackson,patricia.jackson546@gmail.com
S10822,Betty Gonzalez,betty.gonzalez856@gmail.com
S10823,Michael Brown,michael.brown158@gmail.com
S10824,Michael Taylor,michael.taylor212@gmail.com
S10825,Michael Taylor,michael.taylor205@gmail.com
S10826,Michael Smith,michael.smith90@gmail.com
S10827,Jessica Lopez,jessica.lopez517@gmail.com
S10828,Karen Jackson,karen.jackson777@gmail.com
S10829,Mark Hernandez,mark.hernandez317@gmail.com
S10830,Charles Gonzalez,charles.gonzalez292@gmail.com
S10831,David Taylor,david.taylor388@gmail.com
S10832,Elizabeth Jones,elizabeth.jones727@gmail.com
S10833,Joseph Gonzalez,joseph.gonzalez796@gmail.com
S10834,Elizabeth Anderson,elizabeth.anderson964@gmail.com
S10835,Jennifer Garcia,jennifer.garcia560@gmail.com
S10836,David Anderson,david.anderson315@gmail.com
S10837,John Williams,john.williams20@gmail.com
S10838,Robert Jones,robert.jones416@gmail.com
S10839,Jennifer Smith,jennifer.smith89@gmail.com
S10840,Robert Williams,robert.williams536@gmail.com
S10841,James Johnson,james.johnson879@gmail.com
S10842,Susan Martin,susan.martin903@gmail.com
S10843,Betty Brown,betty.brown97@gmail.com
S10844,Margaret Thomas,margaret.thomas203@gmail.com
S10845,Anthony Miller,anthony.miller18@gmail.com
S10846,John Rodriguez,john.rodriguez613@gmail.com
S10847,Christopher Smith,christopher.smith386@gmail.com
S10848,Sandra Johnson,sandra.johnson468@gmail.com
S10849,Matthew Johnson,matthew.johnson541@gmail.com
S10850,Christopher Martin,christopher.martin200@gmail.com
S10851,Michael Williams,michael.williams194@gmail.com
S10852,Barbara Anderson,barbara.anderson89@gmail.com
S10853,Jennifer Davis,jennifer.davis832@gmail.com
S10854,Thomas Rodriguez,thomas.rodriguez80@gmail.com
S10855,David Miller,david.miller810@gmail.com
S10856,Robert Miller,robert.miller692@gmail.com
S10857,Barbara Miller,barbara.miller311@gmail.com
S10858,Thomas Anderson,thomas.anderson246@gmail.com
S10859,Joseph Davis,joseph.davis609@gmail.com
S10860,Richard Garcia,richard.garcia932@gmail.com
S10861,Charles Thomas,charles.thomas911@gmail.com
S10862,Michael Thomas,michael.thomas691@gmail.com
S10863,Susan Anderson,susan.anderson196@gmail.com
S10864,Richard Taylor,richard.taylor424@gmail.com
S10865,William Lopez,william.lopez682@gmail.com
S10866,Linda Martinez,linda.martinez215@gmail.com
S10867,Charles Jackson,charles.jackson992@gmail.com
S10868,Christopher Brown,christopher.brown16@gmail.com
S10869,Daniel Anderson,daniel.anderson332@gmail.com
S10870,Sandra Hernandez,sandra.hernandez93@gmail.com
S10871,Barbara Rodriguez,barbara.rodriguez117@gmail.com
S10872,Sandra Jackson,sandra.jackson701@gmail.com
S10873,Elizabeth Wilson,elizabeth.wilson291@gmail.com
S10874,Elizabeth Williams,elizabeth.williams835@gmail.com
S10875,Karen Brown,karen.brown739@gmail.com
S10876,Karen Gonzalez,karen.gonzalez854@gmail.com
S10877,Christopher Lopez,christopher.lopez496@gmail.com
S10878,Patricia Miller,patricia.miller198@gmail.com
S10879,Joseph Hernandez,joseph.hernandez929@gmail.com
S10880,Betty Hernandez,betty.hernandez340@gmail.com
S10881,Sarah Gonzalez,sarah.gonzalez869@gmail.com
S10882,Sarah Rodriguez,sarah.rodriguez388@gmail.com
S10883,James Johnson,james.johnson282@gmail.com
S10884,Daniel Thomas,daniel.thomas860@gmail.com
S10885,Charles Martinez,charles.martinez995@gmail.com
S10886,Charles Johnson,charles.johnson744@gmail.com
S10887,Margaret Rodriguez,margaret.rodriguez932@gmail.com
S10888,Anthony Lopez,anthony.lopez360@gmail.com
S10889,Matthew Garcia,matthew.garcia768@gmail.com
S10890,William Smith,william.smith11@gmail.com
S10891,Patricia Smith,patricia.smith416@gmail.com
S10892,Richard Gonzalez,richard.gonzalez742@gmail.com
S10893,James Jones,james.jones833@gmail.com
S10894,Joseph Taylor,joseph.taylor798@gmail.com
S10895,James Martinez,james.martinez25@gmail.com
S10896,Mary Brown,mary.brown971@gmail.com
S10897,Richard Williams,richard.williams233@gmail.com
S10898,Sandra Williams,sandra.williams28@gmail.com
S10899,Patricia Martinez,patricia.martinez570@gmail.com
S10900,Mark Miller,mark.miller347@gmail.com
S10901,Charles Moore,charles.moore30@gmail.com
S10902,Barbara Martinez,barbara.martinez203@gmail.com
S10903,Betty Williams,betty.williams81@gmail.com
S10904,Karen Jackson,karen.jackson461@gmail.com
S10905,Thomas Garcia,thomas.garcia968@gmail.com
S10906,Sarah Hernandez,sarah.hernandez822@gmail.com
S10907,Elizabeth Hernandez,elizabeth.hernandez580@gmail.com
S10908,Margaret Thomas,margaret.thomas17@gmail.com
S10909,Thomas Garcia,thomas.garcia940@gmail.com
S10910,Richard Martinez,richard.martinez331@gmail.com
S10911,Elizabeth Anderson,elizabeth.anderson21@gmail.com
S10912,Richard Davis,richard.davis828@gmail.com
S10913,Anthony Anderson,anthony.anderson673@gmail.com
S10914,Mark Jones,mark.jones24@gmail.com
S10915,Thomas Rodriguez,thomas.rodriguez292@gmail.com
S10916,Barbara Johnson,barbara.johnson177@gmail.com
S10917,Christopher Rodriguez,christopher.rodriguez42@gmail.com
S10918,Barbara Thomas,barbara.thomas226@gmail.com
S10919,Anthony Taylor,anthony.taylor965@gmail.com
S10920,Linda Martin,linda.martin249@gmail.com
S10921,Joseph Lopez,joseph.lopez908@gmail.com
S10922,Charles Davis,charles.davis691@gmail.com
S10923,William Gonzalez,william.gonzalez848@gmail.com
S10924,William Davis,william.davis808@gmail.com
S10925,Barbara Martin,barbara.martin248@gmail.com
S10926,Karen Davis,karen.davis294@gmail.com
S10927,Sandra Rodriguez,sandra.rodriguez126@gmail.com
S10928,Charles Johnson,charles.johnson528@gmail.com
S10929,Anthony Brown,anthony.brown332@gmail.com
S10930,Daniel Martinez,daniel.martinez137@gmail.com
S10931,John Taylor,john.taylor972@gmail.com
S10932,James Miller,james.miller771@gmail.com
S10933,Thomas Johnson,thomas.johnson266@gmail.com
S10934,Jennifer Miller,jennifer.miller667@gmail.com
S10935,Margaret Taylor,margaret.taylor845@gmail.com
S10936,Mark Rodriguez,mark.rodriguez237@gmail.com
S10937,Margaret Moore,margaret.moore113@gmail.com
S10938,Sandra Lopez,sandra.lopez953@gmail.com
S10939,Susan Brown,susan.brown429@gmail.com
S10940,Margaret Martinez,margaret.martinez504@gmail.com
S10941,Margaret Miller,margaret.miller70@gmail.com
S10942,Barbara Rodriguez,barbara.rodriguez295@gmail.com
S10943,Betty Moore,betty.moore628@gmail.com
S10944,Nancy Wilson,nancy.wilson422@gmail.com
S10945,Barbara Wilson,barbara.wilson68@gmail.com
S10946,David Brown,david.brown959@gmail.com
S10947,Jessica Rodriguez,jessica.rodriguez561@gmail.com
S10948,Jennifer Brown,jennifer.brown402@gmail.com
S10949,Daniel Davis,daniel.davis493@gmail.com
S10950,Linda Taylor,linda.taylor69@gmail.com
S10951,Elizabeth Williams,elizabeth.williams147@gmail.com
S10952,James Martinez,james.martinez836@gmail.com
S10953,Linda Miller,linda.miller642@gmail.com
S10954,James Martinez,james.martinez973@gmail.com
S10955,Richard Brown,richard.brown624@gmail.com
S10956,Mark Johnson,mark.johnson362@gmail.com
S10957,Susan Moore,susan.moore444@gmail.com
S10958,Nancy Martinez,nancy.martinez97@gmail.com
S10959,Margaret Williams,margaret.williams950@gmail.com
S10960,Karen Hernandez,karen.hernandez438@gmail.com
S10961,Daniel Gonzalez,daniel.gonzalez802@gmail.com
S10962,Thomas Miller,thomas.miller413@gmail.com
S10963,Anthony Thomas,anthony.thomas438@gmail.com
S10964,Lisa Garcia,lisa.garcia40@gmail.com
S10965,Joseph Moore,joseph.moore334@gmail.com
S10966,Daniel Martinez,daniel.martinez97@gmail.com
S10967,Susan Martin,susan.martin395@gmail.com
S10968,Thomas Taylor,thomas.taylor289@gmail.com
S10969,David Garcia,david.garcia239@gmail.com
S10970,Sandra Thomas,sandra.thomas509@gmail.com
S10971,Sandra Johnson,sandra.johnson433@gmail.com
S10972,William Johnson,william.johnson520@gmail.com
S10973,Christopher Gonzalez,christopher.gonzalez222@gmail.com
S10974,Charles Jones,charles.jones804@gmail.com
S10975,Mark Taylor,mark.taylor656@gmail.com
S10976,Charles Wilson,charles.wilson644@gmail.com
S10977,Joseph Jackson,joseph.jackson806@gmail.com
S10978,William Lopez,william.lopez423@gmail.com
S10979,Joseph Garcia,joseph.garcia806@gmail.com
S10980,Anthony Davis,anthony.davis282@gmail.com
S10981,Robert Garcia,robert.garcia280@gmail.com
S10982,Joseph Thomas,joseph.thomas685@gmail.com
S10983,Betty Jackson,betty.jackson173@gmail.com
S10984,Linda Anderson,linda.anderson672@gmail.com
S10985,Betty Smith,betty.smith51@gmail.com
S10986,Barbara Brown,barbara.brown43@gmail.com
S10987,Michael Johnson,michael.johnson786@gmail.com
S10988,Margaret Taylor,margaret.taylor973@gmail.com
S10989,Linda Thomas,linda.thomas708@gmail.com
S10990,Mary Miller,mary.miller437@gmail.com
S10991,David Martin,david.martin996@gmail.com
S10992,Charles Gonzalez,charles.gonzalez556@gmail.com
S10993,Sandra Hernandez,sandra.hernandez601@gmail.com
S10994,Sandra Garcia,sandra.garcia532@gmail.com
S10995,Matthew Garcia,matthew.garcia449@gmail.com
S10996,Susan Thomas,susan.thomas72@gmail.com
S10997,Elizabeth Lopez,elizabeth.lopez62@gmail.com
S10998,Linda Miller,linda.miller316@gmail.com
S10999,James Moore,james.moore345@gmail.com
S11000,Daniel Williams,daniel.williams607@gmail.com
